{
  "type": "FeatureCollection",
  "name": "contornos_lagos_osm",
  "licence": "Data © OpenStreetMap contributors, ODbL 1.0. http://osm.org/copyright",
  "features": [
    {
      "type": "Feature",
      "properties": {
        "id": "amatitlan",
        "nombre": "Lago de Amatitlan",
        "fuente": "OpenStreetMap contributors via Nominatim",
        "licencia": "ODbL 1.0",
        "osm_relation_id": 11018382,
        "uso": "recorte_del_espejo_de_agua_y_calculo_de_area"
      },
      "geometry": {
        "type": "Polygon",
        "coordinates": [
          [
            [
              -90.6114044,
              14.4874774
            ],
            [
              -90.6113787,
              14.4869455
            ],
            [
              -90.6110611,
              14.4865633
            ],
            [
              -90.610735,
              14.4861311
            ],
            [
              -90.6105461,
              14.485591
            ],
            [
              -90.6103745,
              14.4846519
            ],
            [
              -90.6100912,
              14.4842364
            ],
            [
              -90.6094904,
              14.4837045
            ],
            [
              -90.6092587,
              14.4834718
            ],
            [
              -90.608778,
              14.4832225
            ],
            [
              -90.6084004,
              14.483181
            ],
            [
              -90.6081429,
              14.483181
            ],
            [
              -90.6078167,
              14.4830563
            ],
            [
              -90.6073017,
              14.4826574
            ],
            [
              -90.607173,
              14.4823499
            ],
            [
              -90.6070013,
              14.4819594
            ],
            [
              -90.606658,
              14.4817267
            ],
            [
              -90.6065464,
              14.4812696
            ],
            [
              -90.6064434,
              14.480397
            ],
            [
              -90.6062288,
              14.4798568
            ],
            [
              -90.6062288,
              14.4791089
            ],
            [
              -90.6065292,
              14.4785853
            ],
            [
              -90.6067438,
              14.4781366
            ],
            [
              -90.6069155,
              14.4775548
            ],
            [
              -90.6068897,
              14.47689
            ],
            [
              -90.6069584,
              14.4762002
            ],
            [
              -90.6066151,
              14.4757016
            ],
            [
              -90.6061859,
              14.4751614
            ],
            [
              -90.6058855,
              14.4746628
            ],
            [
              -90.6058855,
              14.4739979
            ],
            [
              -90.6057568,
              14.4734162
            ],
            [
              -90.6054821,
              14.4730671
            ],
            [
              -90.6049843,
              14.4726516
            ],
            [
              -90.6044006,
              14.4725186
            ],
            [
              -90.6039972,
              14.4724023
            ],
            [
              -90.603714,
              14.4725685
            ],
            [
              -90.6032505,
              14.4727929
            ],
            [
              -90.6029072,
              14.4730671
            ],
            [
              -90.6025381,
              14.473333
            ],
            [
              -90.6022549,
              14.4737901
            ],
            [
              -90.6019631,
              14.4741807
            ],
            [
              -90.6019631,
              14.4747292
            ],
            [
              -90.6018086,
              14.475286
            ],
            [
              -90.6011906,
              14.4760756
            ],
            [
              -90.600564,
              14.4768401
            ],
            [
              -90.5998345,
              14.4776961
            ],
            [
              -90.5992165,
              14.4780036
            ],
            [
              -90.5982208,
              14.4784191
            ],
            [
              -90.5972595,
              14.4786518
            ],
            [
              -90.5969162,
              14.4785853
            ],
            [
              -90.5962725,
              14.478336
            ],
            [
              -90.5958691,
              14.4781116
            ],
            [
              -90.5953541,
              14.4779454
            ],
            [
              -90.5946846,
              14.4779454
            ],
            [
              -90.5941696,
              14.477505
            ],
            [
              -90.5939808,
              14.4768235
            ],
            [
              -90.5939121,
              14.4763083
            ],
            [
              -90.5936117,
              14.4755104
            ],
            [
              -90.5932824,
              14.4751182
            ],
            [
              -90.5917835,
              14.4737652
            ],
            [
              -90.5908651,
              14.472984
            ],
            [
              -90.5900068,
              14.4724189
            ],
            [
              -90.5891743,
              14.4718537
            ],
            [
              -90.5884619,
              14.4715462
            ],
            [
              -90.587904,
              14.4709645
            ],
            [
              -90.5875178,
              14.4704658
            ],
            [
              -90.5874577,
              14.4699921
            ],
            [
              -90.5876894,
              14.469427
            ],
            [
              -90.5879469,
              14.4690281
            ],
            [
              -90.5880928,
              14.468679
            ],
            [
              -90.5880327,
              14.4682635
            ],
            [
              -90.5884361,
              14.4678313
            ],
            [
              -90.5885735,
              14.4672662
            ],
            [
              -90.5885477,
              14.4666429
            ],
            [
              -90.588419,
              14.466086
            ],
            [
              -90.5884361,
              14.4656455
            ],
            [
              -90.5882473,
              14.4653547
            ],
            [
              -90.5876465,
              14.4645069
            ],
            [
              -90.5871315,
              14.4639584
            ],
            [
              -90.5865736,
              14.4636509
            ],
            [
              -90.5861702,
              14.4632104
            ],
            [
              -90.5859299,
              14.4626536
            ],
            [
              -90.5858011,
              14.4621549
            ],
            [
              -90.5854149,
              14.4618806
            ],
            [
              -90.5849171,
              14.4617975
            ],
            [
              -90.5845394,
              14.4618806
            ],
            [
              -90.5842304,
              14.462263
            ],
            [
              -90.5839729,
              14.4623461
            ],
            [
              -90.5831661,
              14.4626785
            ],
            [
              -90.582737,
              14.4628613
            ],
            [
              -90.5821962,
              14.4630691
            ],
            [
              -90.5818272,
              14.4633185
            ],
            [
              -90.5815354,
              14.4635927
            ],
            [
              -90.5811234,
              14.4640249
            ],
            [
              -90.5806084,
              14.4643573
            ],
            [
              -90.5802651,
              14.4646067
            ],
            [
              -90.5800505,
              14.4648976
            ],
            [
              -90.579793,
              14.4653547
            ],
            [
              -90.5795956,
              14.4657536
            ],
            [
              -90.579278,
              14.4659364
            ],
            [
              -90.578763,
              14.4659364
            ],
            [
              -90.5780506,
              14.4658699
            ],
            [
              -90.5774326,
              14.4656871
            ],
            [
              -90.576746,
              14.4655043
            ],
            [
              -90.5763598,
              14.4652051
            ],
            [
              -90.5759907,
              14.4647729
            ],
            [
              -90.5758019,
              14.4642742
            ],
            [
              -90.5757332,
              14.4637922
            ],
            [
              -90.5755015,
              14.4634431
            ],
            [
              -90.575304,
              14.4631107
            ],
            [
              -90.5751152,
              14.4625705
            ],
            [
              -90.5756302,
              14.4613487
            ],
            [
              -90.5758019,
              14.4605509
            ],
            [
              -90.575613,
              14.4600522
            ],
            [
              -90.5749865,
              14.4595785
            ],
            [
              -90.5745316,
              14.4592876
            ],
            [
              -90.5741282,
              14.4587058
            ],
            [
              -90.5741539,
              14.4579993
            ],
            [
              -90.5738278,
              14.457002
            ],
            [
              -90.5735703,
              14.4567111
            ],
            [
              -90.573184,
              14.4562955
            ],
            [
              -90.5725403,
              14.4561127
            ],
            [
              -90.5719223,
              14.4555059
            ],
            [
              -90.5717249,
              14.4551735
            ],
            [
              -90.5713116,
              14.4550318
            ],
            [
              -90.5708408,
              14.4549823
            ],
            [
              -90.5701929,
              14.4549713
            ],
            [
              -90.5693263,
              14.4544983
            ],
            [
              -90.5692358,
              14.4541761
            ],
            [
              -90.5689526,
              14.4539018
            ],
            [
              -90.5683817,
              14.4533699
            ],
            [
              -90.5675845,
              14.4528754
            ],
            [
              -90.5675284,
              14.4528225
            ],
            [
              -90.5674322,
              14.4528109
            ],
            [
              -90.5663012,
              14.4531047
            ],
            [
              -90.5657934,
              14.4531944
            ],
            [
              -90.5657705,
              14.4531477
            ],
            [
              -90.5657565,
              14.453119
            ],
            [
              -90.565795,
              14.4530706
            ],
            [
              -90.5661596,
              14.4529742
            ],
            [
              -90.5672984,
              14.4526466
            ],
            [
              -90.5673694,
              14.4525739
            ],
            [
              -90.5673729,
              14.4525333
            ],
            [
              -90.5669129,
              14.4520318
            ],
            [
              -90.5667971,
              14.45149
            ],
            [
              -90.5666394,
              14.4511337
            ],
            [
              -90.5664918,
              14.4508002
            ],
            [
              -90.5662959,
              14.4504966
            ],
            [
              -90.566073,
              14.4501513
            ],
            [
              -90.565802,
              14.4497314
            ],
            [
              -90.565737,
              14.4493222
            ],
            [
              -90.5654559,
              14.4489285
            ],
            [
              -90.5650107,
              14.4484474
            ],
            [
              -90.5647253,
              14.4481388
            ],
            [
              -90.5643648,
              14.447929
            ],
            [
              -90.5639747,
              14.4475718
            ],
            [
              -90.5635846,
              14.4470859
            ],
            [
              -90.5632302,
              14.4466444
            ],
            [
              -90.5632302,
              14.4461276
            ],
            [
              -90.5632302,
              14.445647
            ],
            [
              -90.5627802,
              14.4451859
            ],
            [
              -90.5623857,
              14.4447816
            ],
            [
              -90.5619906,
              14.4443767
            ],
            [
              -90.5614924,
              14.4438662
            ],
            [
              -90.5609739,
              14.443335
            ],
            [
              -90.5604775,
              14.4428262
            ],
            [
              -90.5600737,
              14.4424124
            ],
            [
              -90.5596868,
              14.442016
            ],
            [
              -90.5593747,
              14.4415588
            ],
            [
              -90.5590234,
              14.441044
            ],
            [
              -90.5586911,
              14.4405572
            ],
            [
              -90.5583239,
              14.4400193
            ],
            [
              -90.5580804,
              14.4396625
            ],
            [
              -90.5579511,
              14.4392244
            ],
            [
              -90.5577762,
              14.4386314
            ],
            [
              -90.5576399,
              14.4381694
            ],
            [
              -90.5575201,
              14.4377634
            ],
            [
              -90.5573938,
              14.4373351
            ],
            [
              -90.5573938,
              14.4369669
            ],
            [
              -90.5573938,
              14.4365827
            ],
            [
              -90.5573938,
              14.4361378
            ],
            [
              -90.5573938,
              14.4356929
            ],
            [
              -90.5573938,
              14.4353403
            ],
            [
              -90.557784,
              14.4351682
            ],
            [
              -90.5577733,
              14.4348682
            ],
            [
              -90.5578041,
              14.4347695
            ],
            [
              -90.5577465,
              14.4344409
            ],
            [
              -90.5576673,
              14.434324
            ],
            [
              -90.5575346,
              14.4342357
            ],
            [
              -90.5573334,
              14.4341214
            ],
            [
              -90.5571522,
              14.4339456
            ],
            [
              -90.5570504,
              14.4336778
            ],
            [
              -90.556832,
              14.4334927
            ],
            [
              -90.5565884,
              14.4333951
            ],
            [
              -90.5563511,
              14.4334399
            ],
            [
              -90.5561509,
              14.433416
            ],
            [
              -90.5560322,
              14.4333817
            ],
            [
              -90.5560276,
              14.433316
            ],
            [
              -90.5560646,
              14.4332459
            ],
            [
              -90.5561046,
              14.4331967
            ],
            [
              -90.5561878,
              14.4331683
            ],
            [
              -90.5565498,
              14.4331191
            ],
            [
              -90.5566361,
              14.4330833
            ],
            [
              -90.5566716,
              14.4329953
            ],
            [
              -90.5567116,
              14.4329177
            ],
            [
              -90.5566751,
              14.4327899
            ],
            [
              -90.5566623,
              14.4327327
            ],
            [
              -90.556576,
              14.4326029
            ],
            [
              -90.5564251,
              14.4324284
            ],
            [
              -90.5562618,
              14.432212
            ],
            [
              -90.5561324,
              14.4319942
            ],
            [
              -90.5560677,
              14.4317466
            ],
            [
              -90.5560214,
              14.431202
            ],
            [
              -90.5559691,
              14.431114
            ],
            [
              -90.5558597,
              14.4309887
            ],
            [
              -90.5557406,
              14.4309202
            ],
            [
              -90.5555401,
              14.4308124
            ],
            [
              -90.5554516,
              14.4308605
            ],
            [
              -90.5548702,
              14.4304721
            ],
            [
              -90.5539694,
              14.4300197
            ],
            [
              -90.5538979,
              14.4299838
            ],
            [
              -90.5537832,
              14.4298104
            ],
            [
              -90.5535231,
              14.4295539
            ],
            [
              -90.5533232,
              14.4292915
            ],
            [
              -90.5531415,
              14.4291084
            ],
            [
              -90.5530604,
              14.4289259
            ],
            [
              -90.5530604,
              14.428859
            ],
            [
              -90.5530597,
              14.4287967
            ],
            [
              -90.5527365,
              14.4285467
            ],
            [
              -90.5523945,
              14.4284752
            ],
            [
              -90.5521987,
              14.4284609
            ],
            [
              -90.5518731,
              14.4284559
            ],
            [
              -90.5516274,
              14.4283889
            ],
            [
              -90.5513733,
              14.4282557
            ],
            [
              -90.5512091,
              14.4281051
            ],
            [
              -90.5510254,
              14.42798
            ],
            [
              -90.550937,
              14.4279762
            ],
            [
              -90.5508291,
              14.4279762
            ],
            [
              -90.5507388,
              14.428011
            ],
            [
              -90.5506494,
              14.4280506
            ],
            [
              -90.5505746,
              14.4280289
            ],
            [
              -90.5505289,
              14.4279536
            ],
            [
              -90.5505273,
              14.4275267
            ],
            [
              -90.5505211,
              14.4274219
            ],
            [
              -90.5505493,
              14.4273354
            ],
            [
              -90.5505231,
              14.4272789
            ],
            [
              -90.5506047,
              14.427149
            ],
            [
              -90.550721,
              14.4271139
            ],
            [
              -90.5508712,
              14.4271009
            ],
            [
              -90.5509544,
              14.4270853
            ],
            [
              -90.5511381,
              14.426984
            ],
            [
              -90.5512347,
              14.4269269
            ],
            [
              -90.5512937,
              14.426845
            ],
            [
              -90.5514171,
              14.4267931
            ],
            [
              -90.5515632,
              14.426584
            ],
            [
              -90.551574,
              14.4264242
            ],
            [
              -90.5515498,
              14.4261372
            ],
            [
              -90.5513902,
              14.4254514
            ],
            [
              -90.5511542,
              14.4250553
            ],
            [
              -90.5509101,
              14.4248851
            ],
            [
              -90.5505775,
              14.4247474
            ],
            [
              -90.5503211,
              14.424712
            ],
            [
              -90.5501068,
              14.4246825
            ],
            [
              -90.5496884,
              14.4247319
            ],
            [
              -90.5490272,
              14.4248812
            ],
            [
              -90.5487965,
              14.4249319
            ],
            [
              -90.548582,
              14.4250007
            ],
            [
              -90.5482132,
              14.4248332
            ],
            [
              -90.5478604,
              14.4246228
            ],
            [
              -90.5476888,
              14.424198
            ],
            [
              -90.5475857,
              14.4241013
            ],
            [
              -90.5475198,
              14.4240305
            ],
            [
              -90.5474179,
              14.4237512
            ],
            [
              -90.5473347,
              14.4235811
            ],
            [
              -90.5470182,
              14.4233057
            ],
            [
              -90.5469887,
              14.4232135
            ],
            [
              -90.5469847,
              14.4231551
            ],
            [
              -90.5465985,
              14.4230304
            ],
            [
              -90.5463624,
              14.4229096
            ],
            [
              -90.5461908,
              14.4230577
            ],
            [
              -90.5459641,
              14.4228654
            ],
            [
              -90.545369,
              14.4226183
            ],
            [
              -90.5445855,
              14.4224303
            ],
            [
              -90.5444742,
              14.4225927
            ],
            [
              -90.5441027,
              14.4224862
            ],
            [
              -90.5438184,
              14.4225394
            ],
            [
              -90.5430512,
              14.4225901
            ],
            [
              -90.5427079,
              14.4227148
            ],
            [
              -90.5422359,
              14.4227096
            ],
            [
              -90.5419623,
              14.4225797
            ],
            [
              -90.5415599,
              14.4221952
            ],
            [
              -90.5414996,
              14.4219887
            ],
            [
              -90.5415385,
              14.4218004
            ],
            [
              -90.5417799,
              14.4213354
            ],
            [
              -90.5418483,
              14.4211497
            ],
            [
              -90.5418282,
              14.4208808
            ],
            [
              -90.5417329,
              14.4206743
            ],
            [
              -90.5415452,
              14.4204782
            ],
            [
              -90.5413252,
              14.4204366
            ],
            [
              -90.5409229,
              14.4206223
            ],
            [
              -90.5404695,
              14.4204186
            ],
            [
              -90.5404173,
              14.4204028
            ],
            [
              -90.5396167,
              14.4204119
            ],
            [
              -90.53939,
              14.420321
            ],
            [
              -90.5388817,
              14.420508
            ],
            [
              -90.538752,
              14.4205622
            ],
            [
              -90.5383681,
              14.4208136
            ],
            [
              -90.5379779,
              14.4210691
            ],
            [
              -90.5375794,
              14.4214497
            ],
            [
              -90.537201,
              14.421811
            ],
            [
              -90.5367699,
              14.4222227
            ],
            [
              -90.5363175,
              14.4226546
            ],
            [
              -90.5359182,
              14.423036
            ],
            [
              -90.5354975,
              14.4234378
            ],
            [
              -90.5352638,
              14.4236609
            ],
            [
              -90.5350181,
              14.4243505
            ],
            [
              -90.5349956,
              14.4249558
            ],
            [
              -90.5349701,
              14.4256411
            ],
            [
              -90.5349475,
              14.426247
            ],
            [
              -90.5349235,
              14.4268918
            ],
            [
              -90.5349061,
              14.4273605
            ],
            [
              -90.5350805,
              14.4280182
            ],
            [
              -90.5352356,
              14.428603
            ],
            [
              -90.5351169,
              14.4293598
            ],
            [
              -90.5353539,
              14.4297082
            ],
            [
              -90.535694,
              14.4303321
            ],
            [
              -90.5358225,
              14.4308166
            ],
            [
              -90.5359269,
              14.4312104
            ],
            [
              -90.5360986,
              14.431574
            ],
            [
              -90.5361244,
              14.4322515
            ],
            [
              -90.5358247,
              14.4327492
            ],
            [
              -90.5359315,
              14.4332661
            ],
            [
              -90.5359327,
              14.4337918
            ],
            [
              -90.5359339,
              14.434338
            ],
            [
              -90.5359351,
              14.4349044
            ],
            [
              -90.5356353,
              14.4352852
            ],
            [
              -90.535629,
              14.435629
            ],
            [
              -90.5354112,
              14.4361027
            ],
            [
              -90.5354201,
              14.4363298
            ],
            [
              -90.5354831,
              14.4369035
            ],
            [
              -90.5358952,
              14.4373697
            ],
            [
              -90.5361332,
              14.43782
            ],
            [
              -90.5362613,
              14.4381577
            ],
            [
              -90.5362593,
              14.4384166
            ],
            [
              -90.5362794,
              14.4388313
            ],
            [
              -90.5360618,
              14.4394406
            ],
            [
              -90.535846,
              14.440045
            ],
            [
              -90.5356059,
              14.4404355
            ],
            [
              -90.5352313,
              14.4405566
            ],
            [
              -90.5349721,
              14.4405456
            ],
            [
              -90.5347124,
              14.440737
            ],
            [
              -90.5346966,
              14.4409126
            ],
            [
              -90.5342827,
              14.4410973
            ],
            [
              -90.5341044,
              14.4416478
            ],
            [
              -90.5339142,
              14.4418566
            ],
            [
              -90.533919,
              14.4421441
            ],
            [
              -90.5336849,
              14.4424358
            ],
            [
              -90.5337421,
              14.4427375
            ],
            [
              -90.5336557,
              14.4430337
            ],
            [
              -90.5337006,
              14.4431996
            ],
            [
              -90.5336317,
              14.4433497
            ],
            [
              -90.5334614,
              14.443398
            ],
            [
              -90.5332997,
              14.4434002
            ],
            [
              -90.5330443,
              14.4432896
            ],
            [
              -90.5326589,
              14.4432578
            ],
            [
              -90.5322946,
              14.4433122
            ],
            [
              -90.5322652,
              14.4434211
            ],
            [
              -90.5322076,
              14.4434265
            ],
            [
              -90.5317589,
              14.4433124
            ],
            [
              -90.5313294,
              14.4433758
            ],
            [
              -90.5309159,
              14.4433949
            ],
            [
              -90.5306841,
              14.4434749
            ],
            [
              -90.5302926,
              14.4437433
            ],
            [
              -90.5298899,
              14.444131
            ],
            [
              -90.529576,
              14.4444309
            ],
            [
              -90.5295547,
              14.4444917
            ],
            [
              -90.5295836,
              14.4445527
            ],
            [
              -90.5296472,
              14.444584
            ],
            [
              -90.5298078,
              14.4446505
            ],
            [
              -90.5298445,
              14.4447285
            ],
            [
              -90.5298081,
              14.4448371
            ],
            [
              -90.5298573,
              14.4448812
            ],
            [
              -90.5299232,
              14.4449299
            ],
            [
              -90.529933,
              14.4450668
            ],
            [
              -90.5298956,
              14.4451515
            ],
            [
              -90.5298046,
              14.4451635
            ],
            [
              -90.5297446,
              14.4451009
            ],
            [
              -90.5296816,
              14.4450151
            ],
            [
              -90.5294904,
              14.4450796
            ],
            [
              -90.5292766,
              14.4452926
            ],
            [
              -90.529149,
              14.4455486
            ],
            [
              -90.5289431,
              14.445856
            ],
            [
              -90.5288453,
              14.4460663
            ],
            [
              -90.528898,
              14.446312
            ],
            [
              -90.5288665,
              14.4464433
            ],
            [
              -90.5289459,
              14.4465506
            ],
            [
              -90.5292772,
              14.4467893
            ],
            [
              -90.5296119,
              14.4469012
            ],
            [
              -90.5297994,
              14.4471738
            ],
            [
              -90.5299251,
              14.4473211
            ],
            [
              -90.5300658,
              14.4472934
            ],
            [
              -90.5301377,
              14.4474051
            ],
            [
              -90.5303158,
              14.4475137
            ],
            [
              -90.5307546,
              14.4476248
            ],
            [
              -90.5309632,
              14.4476674
            ],
            [
              -90.5311102,
              14.4476026
            ],
            [
              -90.5317249,
              14.4472639
            ],
            [
              -90.5321181,
              14.4469786
            ],
            [
              -90.5325036,
              14.4468563
            ],
            [
              -90.532725,
              14.4467878
            ],
            [
              -90.5329827,
              14.4468788
            ],
            [
              -90.5331847,
              14.4469547
            ],
            [
              -90.5337345,
              14.4471103
            ],
            [
              -90.5340219,
              14.4472373
            ],
            [
              -90.5344034,
              14.4473848
            ],
            [
              -90.5346685,
              14.447415
            ],
            [
              -90.5349059,
              14.4472283
            ],
            [
              -90.5349646,
              14.4470576
            ],
            [
              -90.5350792,
              14.4468454
            ],
            [
              -90.5353002,
              14.4468373
            ],
            [
              -90.5355067,
              14.4467567
            ],
            [
              -90.5356579,
              14.4466548
            ],
            [
              -90.5358794,
              14.4469043
            ],
            [
              -90.5365684,
              14.4471607
            ],
            [
              -90.5366627,
              14.447233
            ],
            [
              -90.5366507,
              14.4474017
            ],
            [
              -90.5366669,
              14.4475881
            ],
            [
              -90.5367944,
              14.447808
            ],
            [
              -90.5369103,
              14.4480878
            ],
            [
              -90.5370265,
              14.4482681
            ],
            [
              -90.5372395,
              14.4484534
            ],
            [
              -90.5375242,
              14.4485321
            ],
            [
              -90.5383021,
              14.4484016
            ],
            [
              -90.5389863,
              14.4484211
            ],
            [
              -90.5394827,
              14.4483626
            ],
            [
              -90.5396651,
              14.4482652
            ],
            [
              -90.540046,
              14.448047
            ],
            [
              -90.5402136,
              14.4478782
            ],
            [
              -90.5405288,
              14.4476262
            ],
            [
              -90.5408533,
              14.4473639
            ],
            [
              -90.5411081,
              14.4472756
            ],
            [
              -90.541257,
              14.4472808
            ],
            [
              -90.54144,
              14.4473058
            ],
            [
              -90.5415936,
              14.4473639
            ],
            [
              -90.5417465,
              14.4473522
            ],
            [
              -90.5418752,
              14.4473042
            ],
            [
              -90.5420362,
              14.4472912
            ],
            [
              -90.5422293,
              14.4474327
            ],
            [
              -90.5424036,
              14.4475236
            ],
            [
              -90.5425659,
              14.4475756
            ],
            [
              -90.5429414,
              14.4475223
            ],
            [
              -90.5431171,
              14.4474652
            ],
            [
              -90.5432512,
              14.4473327
            ],
            [
              -90.543392,
              14.4470042
            ],
            [
              -90.5435523,
              14.4469087
            ],
            [
              -90.5435892,
              14.4468669
            ],
            [
              -90.5435846,
              14.4467804
            ],
            [
              -90.5435538,
              14.4467163
            ],
            [
              -90.5436884,
              14.4466496
            ],
            [
              -90.543907,
              14.4464769
            ],
            [
              -90.5439459,
              14.4463626
            ],
            [
              -90.5439235,
              14.4462941
            ],
            [
              -90.5441515,
              14.4461345
            ],
            [
              -90.544341,
              14.4460837
            ],
            [
              -90.5446984,
              14.4461449
            ],
            [
              -90.5448571,
              14.4462434
            ],
            [
              -90.5453162,
              14.4462923
            ],
            [
              -90.5455979,
              14.4462676
            ],
            [
              -90.5459626,
              14.4464598
            ],
            [
              -90.5460887,
              14.4464429
            ],
            [
              -90.5462751,
              14.4464235
            ],
            [
              -90.546593,
              14.4463559
            ],
            [
              -90.5468987,
              14.4462832
            ],
            [
              -90.547053,
              14.4462313
            ],
            [
              -90.5471522,
              14.4461741
            ],
            [
              -90.5472783,
              14.4460559
            ],
            [
              -90.5474513,
              14.4458975
            ],
            [
              -90.5475653,
              14.4457858
            ],
            [
              -90.5476484,
              14.4456741
            ],
            [
              -90.5477356,
              14.4455144
            ],
            [
              -90.5478804,
              14.4454274
            ],
            [
              -90.5479676,
              14.4453793
            ],
            [
              -90.5482707,
              14.445365
            ],
            [
              -90.5485456,
              14.4453598
            ],
            [
              -90.5486153,
              14.4453975
            ],
            [
              -90.5486891,
              14.4454494
            ],
            [
              -90.5487642,
              14.4455416
            ],
            [
              -90.5488567,
              14.4456442
            ],
            [
              -90.548952,
              14.4458274
            ],
            [
              -90.5490096,
              14.4460546
            ],
            [
              -90.5490753,
              14.4464468
            ],
            [
              -90.5491183,
              14.4465897
            ],
            [
              -90.549365,
              14.4468157
            ],
            [
              -90.5494415,
              14.446852
            ],
            [
              -90.5496145,
              14.4468507
            ],
            [
              -90.5499551,
              14.4468183
            ],
            [
              -90.5502633,
              14.4468375
            ],
            [
              -90.5503923,
              14.4468455
            ],
            [
              -90.5505237,
              14.4468845
            ],
            [
              -90.5505868,
              14.4469222
            ],
            [
              -90.5506471,
              14.4469494
            ],
            [
              -90.5507423,
              14.4469533
            ],
            [
              -90.5507946,
              14.4469416
            ],
            [
              -90.5508322,
              14.4469988
            ],
            [
              -90.5510414,
              14.4471936
            ],
            [
              -90.5512748,
              14.4473157
            ],
            [
              -90.551429,
              14.4473676
            ],
            [
              -90.551484,
              14.447452
            ],
            [
              -90.5514893,
              14.4475455
            ],
            [
              -90.551492,
              14.4476014
            ],
            [
              -90.5514813,
              14.4476884
            ],
            [
              -90.5514706,
              14.4477897
            ],
            [
              -90.551484,
              14.4478806
            ],
            [
              -90.5515189,
              14.4479362
            ],
            [
              -90.5515975,
              14.4479877
            ],
            [
              -90.5515536,
              14.4480392
            ],
            [
              -90.5519541,
              14.4484442
            ],
            [
              -90.5521421,
              14.4486441
            ],
            [
              -90.5522769,
              14.4487828
            ],
            [
              -90.5524695,
              14.4489238
            ],
            [
              -90.5526251,
              14.4490225
            ],
            [
              -90.5527639,
              14.4491089
            ],
            [
              -90.5530026,
              14.449192
            ],
            [
              -90.5531662,
              14.4493504
            ],
            [
              -90.5533607,
              14.4494764
            ],
            [
              -90.5535699,
              14.4495563
            ],
            [
              -90.5536544,
              14.4495784
            ],
            [
              -90.553637,
              14.4497258
            ],
            [
              -90.5537496,
              14.4497985
            ],
            [
              -90.553926,
              14.4498303
            ],
            [
              -90.5540152,
              14.4498141
            ],
            [
              -90.55405,
              14.4498141
            ],
            [
              -90.5543031,
              14.4497252
            ],
            [
              -90.5543531,
              14.4497076
            ],
            [
              -90.5546306,
              14.4495863
            ],
            [
              -90.554883,
              14.4495714
            ],
            [
              -90.5549209,
              14.4495954
            ],
            [
              -90.5549729,
              14.4495811
            ],
            [
              -90.5550191,
              14.4495571
            ],
            [
              -90.5550855,
              14.4495493
            ],
            [
              -90.5551137,
              14.4495909
            ],
            [
              -90.5551378,
              14.4496116
            ],
            [
              -90.5552102,
              14.4496253
            ],
            [
              -90.5552802,
              14.4496683
            ],
            [
              -90.5554955,
              14.4497579
            ],
            [
              -90.5555397,
              14.4497936
            ],
            [
              -90.5556537,
              14.4498293
            ],
            [
              -90.5557355,
              14.449817
            ],
            [
              -90.5557851,
              14.4498059
            ],
            [
              -90.5562257,
              14.449902
            ],
            [
              -90.5566025,
              14.4500968
            ],
            [
              -90.5567675,
              14.4502702
            ],
            [
              -90.5568594,
              14.4503728
            ],
            [
              -90.5569526,
              14.4505066
            ],
            [
              -90.5569753,
              14.4505578
            ],
            [
              -90.5569753,
              14.4506026
            ],
            [
              -90.5569707,
              14.4506466
            ],
            [
              -90.5569738,
              14.450751
            ],
            [
              -90.5569799,
              14.4508509
            ],
            [
              -90.5569915,
              14.45093
            ],
            [
              -90.5570277,
              14.4510135
            ],
            [
              -90.5570654,
              14.4510926
            ],
            [
              -90.5571139,
              14.4511761
            ],
            [
              -90.5571347,
              14.4512873
            ],
            [
              -90.5571525,
              14.4513999
            ],
            [
              -90.5571293,
              14.4514935
            ],
            [
              -90.557063,
              14.4516584
            ],
            [
              -90.5570214,
              14.451712
            ],
            [
              -90.5569711,
              14.4518318
            ],
            [
              -90.5568122,
              14.4521863
            ],
            [
              -90.5567599,
              14.452187
            ],
            [
              -90.5567163,
              14.4523091
            ],
            [
              -90.5567109,
              14.4523766
            ],
            [
              -90.556721,
              14.4524454
            ],
            [
              -90.5567619,
              14.452522
            ],
            [
              -90.5568316,
              14.4526285
            ],
            [
              -90.5569215,
              14.4527318
            ],
            [
              -90.5570341,
              14.4527844
            ],
            [
              -90.5570569,
              14.4527474
            ],
            [
              -90.5571508,
              14.4528006
            ],
            [
              -90.5571173,
              14.4528603
            ],
            [
              -90.5572762,
              14.4529454
            ],
            [
              -90.5575505,
              14.4530551
            ],
            [
              -90.557812,
              14.4530162
            ],
            [
              -90.5579032,
              14.4529655
            ],
            [
              -90.5580373,
              14.4528246
            ],
            [
              -90.5581459,
              14.4526746
            ],
            [
              -90.55817,
              14.4526272
            ],
            [
              -90.5584041,
              14.4524649
            ],
            [
              -90.55862,
              14.4522876
            ],
            [
              -90.5588466,
              14.4521331
            ],
            [
              -90.5590719,
              14.452137
            ],
            [
              -90.5591967,
              14.4521915
            ],
            [
              -90.5591859,
              14.4522383
            ],
            [
              -90.5592476,
              14.4522513
            ],
            [
              -90.5592879,
              14.4523006
            ],
            [
              -90.5592597,
              14.4523253
            ],
            [
              -90.5592879,
              14.4524954
            ],
            [
              -90.5593308,
              14.4524915
            ],
            [
              -90.5593281,
              14.4526785
            ],
            [
              -90.5593522,
              14.4528928
            ],
            [
              -90.5593723,
              14.4529941
            ],
            [
              -90.559426,
              14.4531357
            ],
            [
              -90.5595105,
              14.453337
            ],
            [
              -90.5594783,
              14.4533875
            ],
            [
              -90.5595212,
              14.4534993
            ],
            [
              -90.559658,
              14.4535824
            ],
            [
              -90.5597385,
              14.4536123
            ],
            [
              -90.560004,
              14.4536811
            ],
            [
              -90.5601649,
              14.4537006
            ],
            [
              -90.5602722,
              14.453659
            ],
            [
              -90.5603522,
              14.4536037
            ],
            [
              -90.5610166,
              14.4534425
            ],
            [
              -90.5611467,
              14.4533727
            ],
            [
              -90.5612556,
              14.4532919
            ],
            [
              -90.5613727,
              14.4531867
            ],
            [
              -90.5614435,
              14.4530457
            ],
            [
              -90.5614997,
              14.4529309
            ],
            [
              -90.5615136,
              14.4528473
            ],
            [
              -90.5615059,
              14.4527063
            ],
            [
              -90.5614127,
              14.4524841
            ],
            [
              -90.5611075,
              14.4519971
            ],
            [
              -90.5610614,
              14.4518105
            ],
            [
              -90.5606636,
              14.4511427
            ],
            [
              -90.5605812,
              14.4511316
            ],
            [
              -90.560535,
              14.4510726
            ],
            [
              -90.5605227,
              14.4509861
            ],
            [
              -90.5605563,
              14.4507799
            ],
            [
              -90.5605481,
              14.4507042
            ],
            [
              -90.5604841,
              14.4506341
            ],
            [
              -90.5605558,
              14.4503954
            ],
            [
              -90.5607584,
              14.4501015
            ],
            [
              -90.5609725,
              14.4497994
            ],
            [
              -90.5611042,
              14.4496487
            ],
            [
              -90.561174,
              14.4496327
            ],
            [
              -90.5615066,
              14.4496538
            ],
            [
              -90.5617031,
              14.4497649
            ],
            [
              -90.5618184,
              14.4499028
            ],
            [
              -90.5617934,
              14.4501399
            ],
            [
              -90.5617105,
              14.4503405
            ],
            [
              -90.5616984,
              14.4504493
            ],
            [
              -90.561704,
              14.450579
            ],
            [
              -90.5617233,
              14.4506862
            ],
            [
              -90.5619064,
              14.4509908
            ],
            [
              -90.5620092,
              14.4511209
            ],
            [
              -90.5620321,
              14.4511224
            ],
            [
              -90.5620611,
              14.4511406
            ],
            [
              -90.5620743,
              14.4511549
            ],
            [
              -90.5620804,
              14.451178
            ],
            [
              -90.5620849,
              14.4512001
            ],
            [
              -90.5622237,
              14.4512809
            ],
            [
              -90.5623068,
              14.451337
            ],
            [
              -90.5623645,
              14.4514315
            ],
            [
              -90.5623494,
              14.4515175
            ],
            [
              -90.5623058,
              14.4515565
            ],
            [
              -90.5623169,
              14.4516481
            ],
            [
              -90.5623484,
              14.4517351
            ],
            [
              -90.5623598,
              14.4517565
            ],
            [
              -90.5623699,
              14.451837
            ],
            [
              -90.5623866,
              14.4518864
            ],
            [
              -90.5624165,
              14.4519302
            ],
            [
              -90.5624554,
              14.4519708
            ],
            [
              -90.5625043,
              14.4519902
            ],
            [
              -90.5625147,
              14.4520299
            ],
            [
              -90.5627816,
              14.4521208
            ],
            [
              -90.562962,
              14.4521058
            ],
            [
              -90.5630431,
              14.4520805
            ],
            [
              -90.5631747,
              14.4520384
            ],
            [
              -90.5634253,
              14.4519883
            ],
            [
              -90.5636144,
              14.4519831
            ],
            [
              -90.5638585,
              14.452013
            ],
            [
              -90.5640597,
              14.4520753
            ],
            [
              -90.5643037,
              14.4521779
            ],
            [
              -90.5646739,
              14.4523805
            ],
            [
              -90.5647517,
              14.4524649
            ],
            [
              -90.564808,
              14.452548
            ],
            [
              -90.5649823,
              14.4526324
            ],
            [
              -90.565103,
              14.4526974
            ],
            [
              -90.5651741,
              14.4527259
            ],
            [
              -90.5652712,
              14.452776
            ],
            [
              -90.5653833,
              14.452861
            ],
            [
              -90.5654195,
              14.4529337
            ],
            [
              -90.5654262,
              14.453
            ],
            [
              -90.5655402,
              14.45312
            ],
            [
              -90.56556,
              14.453094
            ],
            [
              -90.5656367,
              14.4531102
            ],
            [
              -90.5656615,
              14.4531459
            ],
            [
              -90.5656683,
              14.4531729
            ],
            [
              -90.5656845,
              14.4532374
            ],
            [
              -90.5655467,
              14.4532761
            ],
            [
              -90.5656701,
              14.453328
            ],
            [
              -90.5658924,
              14.4536104
            ],
            [
              -90.5659712,
              14.4538752
            ],
            [
              -90.5659037,
              14.4539876
            ],
            [
              -90.5657977,
              14.4540989
            ],
            [
              -90.5656524,
              14.454221
            ],
            [
              -90.5653466,
              14.4542464
            ],
            [
              -90.5651143,
              14.4541793
            ],
            [
              -90.5647125,
              14.4538852
            ],
            [
              -90.5643177,
              14.4538437
            ],
            [
              -90.5639744,
              14.4540681
            ],
            [
              -90.5638886,
              14.4543174
            ],
            [
              -90.563571,
              14.4546166
            ],
            [
              -90.5632019,
              14.4548826
            ],
            [
              -90.5631418,
              14.4554478
            ],
            [
              -90.5631676,
              14.4558384
            ],
            [
              -90.5635452,
              14.4561459
            ],
            [
              -90.5638542,
              14.4563952
            ],
            [
              -90.5639065,
              14.4569089
            ],
            [
              -90.5638529,
              14.457218
            ],
            [
              -90.5638676,
              14.4573608
            ],
            [
              -90.5638891,
              14.457466
            ],
            [
              -90.5639588,
              14.4575764
            ],
            [
              -90.5641747,
              14.4576219
            ],
            [
              -90.5642498,
              14.4576284
            ],
            [
              -90.5646262,
              14.4575677
            ],
            [
              -90.5646911,
              14.4574659
            ],
            [
              -90.5649339,
              14.4573287
            ],
            [
              -90.5650233,
              14.4573099
            ],
            [
              -90.5651049,
              14.4573381
            ],
            [
              -90.5651911,
              14.457432
            ],
            [
              -90.5652543,
              14.4575436
            ],
            [
              -90.5652598,
              14.4577034
            ],
            [
              -90.5652571,
              14.4578522
            ],
            [
              -90.5652553,
              14.4580001
            ],
            [
              -90.5652243,
              14.4581158
            ],
            [
              -90.5651975,
              14.4581908
            ],
            [
              -90.5651163,
              14.4582198
            ],
            [
              -90.5650998,
              14.4582896
            ],
            [
              -90.5651876,
              14.4585708
            ],
            [
              -90.5653509,
              14.4587986
            ],
            [
              -90.5654038,
              14.4588293
            ],
            [
              -90.5655078,
              14.458845
            ],
            [
              -90.5656375,
              14.4588217
            ],
            [
              -90.5656788,
              14.4587558
            ],
            [
              -90.5658546,
              14.4586035
            ],
            [
              -90.5661815,
              14.4583058
            ],
            [
              -90.5662182,
              14.4581521
            ],
            [
              -90.5662823,
              14.4579896
            ],
            [
              -90.5663301,
              14.4579502
            ],
            [
              -90.566385,
              14.4578692
            ],
            [
              -90.5664181,
              14.4577793
            ],
            [
              -90.5664128,
              14.4576837
            ],
            [
              -90.5663975,
              14.457535
            ],
            [
              -90.5664878,
              14.4573637
            ],
            [
              -90.566594,
              14.457262
            ],
            [
              -90.566821,
              14.4572608
            ],
            [
              -90.5670792,
              14.4573863
            ],
            [
              -90.5672086,
              14.4574144
            ],
            [
              -90.567311,
              14.4574016
            ],
            [
              -90.5674314,
              14.4573374
            ],
            [
              -90.5674978,
              14.4572902
            ],
            [
              -90.5675598,
              14.4573165
            ],
            [
              -90.5675799,
              14.4573474
            ],
            [
              -90.567623,
              14.4573408
            ],
            [
              -90.5677158,
              14.4573383
            ],
            [
              -90.5678997,
              14.457523
            ],
            [
              -90.5682654,
              14.4578606
            ],
            [
              -90.5682576,
              14.4581872
            ],
            [
              -90.5681295,
              14.4582654
            ],
            [
              -90.568041,
              14.4584599
            ],
            [
              -90.5678507,
              14.4585382
            ],
            [
              -90.5676699,
              14.4584806
            ],
            [
              -90.567361,
              14.4585579
            ],
            [
              -90.5672188,
              14.4586642
            ],
            [
              -90.5668755,
              14.4590382
            ],
            [
              -90.5667038,
              14.4596616
            ],
            [
              -90.5665751,
              14.4602018
            ],
            [
              -90.5669184,
              14.4610495
            ],
            [
              -90.5670643,
              14.4614485
            ],
            [
              -90.567236,
              14.4617643
            ],
            [
              -90.5677509,
              14.4618806
            ],
            [
              -90.5681801,
              14.4619305
            ],
            [
              -90.5684033,
              14.4621965
            ],
            [
              -90.5680771,
              14.462612
            ],
            [
              -90.5673646,
              14.462999
            ],
            [
              -90.567327,
              14.4631029
            ],
            [
              -90.5672036,
              14.463547
            ],
            [
              -90.5672251,
              14.4637652
            ],
            [
              -90.5669184,
              14.4645402
            ],
            [
              -90.5670471,
              14.4649391
            ],
            [
              -90.5670471,
              14.4653962
            ],
            [
              -90.5666269,
              14.4660127
            ],
            [
              -90.5666135,
              14.4661075
            ],
            [
              -90.566618,
              14.4662855
            ],
            [
              -90.5666202,
              14.4663932
            ],
            [
              -90.5667047,
              14.466401
            ],
            [
              -90.5673433,
              14.4673395
            ],
            [
              -90.5672897,
              14.4678434
            ],
            [
              -90.5672617,
              14.4682219
            ],
            [
              -90.567133,
              14.4688037
            ],
            [
              -90.5673905,
              14.4692192
            ],
            [
              -90.5675793,
              14.4695267
            ],
            [
              -90.5678625,
              14.4694104
            ],
            [
              -90.5680192,
              14.4695159
            ],
            [
              -90.5684033,
              14.4703246
            ],
            [
              -90.5687702,
              14.470934
            ],
            [
              -90.5689365,
              14.4711729
            ],
            [
              -90.5690599,
              14.4713391
            ],
            [
              -90.5691565,
              14.4714482
            ],
            [
              -90.569296,
              14.4715313
            ],
            [
              -90.5694676,
              14.4715573
            ],
            [
              -90.5696232,
              14.4715313
            ],
            [
              -90.5697508,
              14.4714216
            ],
            [
              -90.5705834,
              14.4711723
            ],
            [
              -90.5712357,
              14.4709229
            ],
            [
              -90.5716648,
              14.4705074
            ],
            [
              -90.5722399,
              14.4703578
            ],
            [
              -90.5725403,
              14.4704409
            ],
            [
              -90.5730886,
              14.4703158
            ],
            [
              -90.5731959,
              14.4703522
            ],
            [
              -90.5733246,
              14.4704301
            ],
            [
              -90.573448,
              14.4704976
            ],
            [
              -90.5735821,
              14.4704925
            ],
            [
              -90.5736626,
              14.4704613
            ],
            [
              -90.5737323,
              14.4703886
            ],
            [
              -90.5737752,
              14.4702847
            ],
            [
              -90.5739576,
              14.47016
            ],
            [
              -90.5742044,
              14.4702327
            ],
            [
              -90.5743331,
              14.4702951
            ],
            [
              -90.5745853,
              14.4705184
            ],
            [
              -90.574773,
              14.4706794
            ],
            [
              -90.5749822,
              14.4707626
            ],
            [
              -90.5751378,
              14.4708249
            ],
            [
              -90.5753202,
              14.4709184
            ],
            [
              -90.5754543,
              14.4711106
            ],
            [
              -90.5758674,
              14.4723208
            ],
            [
              -90.5758459,
              14.4725026
            ],
            [
              -90.5756989,
              14.4726516
            ],
            [
              -90.575244,
              14.472984
            ],
            [
              -90.5747891,
              14.4731835
            ],
            [
              -90.5737913,
              14.4739881
            ],
            [
              -90.5733128,
              14.4741807
            ],
            [
              -90.5730124,
              14.474563
            ],
            [
              -90.5726261,
              14.4748705
            ],
            [
              -90.5720253,
              14.4751448
            ],
            [
              -90.5718107,
              14.4755104
            ],
            [
              -90.5719824,
              14.4761171
            ],
            [
              -90.5719752,
              14.4766258
            ],
            [
              -90.5719566,
              14.4770313
            ],
            [
              -90.5715935,
              14.4772255
            ],
            [
              -90.5711137,
              14.4775837
            ],
            [
              -90.5708923,
              14.4779205
            ],
            [
              -90.5706692,
              14.4783028
            ],
            [
              -90.5706949,
              14.4786518
            ],
            [
              -90.5708995,
              14.4789601
            ],
            [
              -90.5710802,
              14.4791041
            ],
            [
              -90.5712668,
              14.4792527
            ],
            [
              -90.5715366,
              14.4791351
            ],
            [
              -90.5717858,
              14.4789192
            ],
            [
              -90.5721519,
              14.4787927
            ],
            [
              -90.5724081,
              14.4788791
            ],
            [
              -90.5725505,
              14.478808
            ],
            [
              -90.5725833,
              14.4786967
            ],
            [
              -90.572584,
              14.4785057
            ],
            [
              -90.572887,
              14.4784024
            ],
            [
              -90.5730117,
              14.4784569
            ],
            [
              -90.5730855,
              14.4785206
            ],
            [
              -90.5731941,
              14.4786024
            ],
            [
              -90.5732424,
              14.4786426
            ],
            [
              -90.5732954,
              14.478664
            ],
            [
              -90.573341,
              14.4786738
            ],
            [
              -90.5733899,
              14.478666
            ],
            [
              -90.5734268,
              14.4786465
            ],
            [
              -90.573451,
              14.4786218
            ],
            [
              -90.5734724,
              14.4785634
            ],
            [
              -90.5734476,
              14.4785004
            ],
            [
              -90.5734322,
              14.4784894
            ],
            [
              -90.5734664,
              14.478379
            ],
            [
              -90.5734838,
              14.4783076
            ],
            [
              -90.5735589,
              14.4782764
            ],
            [
              -90.5737465,
              14.4779569
            ],
            [
              -90.5737227,
              14.4776847
            ],
            [
              -90.5741669,
              14.4767406
            ],
            [
              -90.57454,
              14.4761771
            ],
            [
              -90.5748318,
              14.4759601
            ],
            [
              -90.5749601,
              14.4758567
            ],
            [
              -90.5750912,
              14.4758965
            ],
            [
              -90.575177,
              14.476007
            ],
            [
              -90.5751816,
              14.4762119
            ],
            [
              -90.5752649,
              14.4765436
            ],
            [
              -90.5756481,
              14.4765835
            ],
            [
              -90.5760637,
              14.4764501
            ],
            [
              -90.5761308,
              14.4765456
            ],
            [
              -90.5761995,
              14.476863
            ],
            [
              -90.5762797,
              14.4771369
            ],
            [
              -90.5759452,
              14.4776233
            ],
            [
              -90.5758544,
              14.4778376
            ],
            [
              -90.5758094,
              14.4783543
            ],
            [
              -90.5758141,
              14.4785388
            ],
            [
              -90.5759043,
              14.4788254
            ],
            [
              -90.5759932,
              14.4790156
            ],
            [
              -90.5758403,
              14.4791493
            ],
            [
              -90.5757154,
              14.4795188
            ],
            [
              -90.5757147,
              14.4795865
            ],
            [
              -90.5757255,
              14.4796657
            ],
            [
              -90.5757201,
              14.4796969
            ],
            [
              -90.575653,
              14.4797761
            ],
            [
              -90.5755873,
              14.4798215
            ],
            [
              -90.5755229,
              14.4798488
            ],
            [
              -90.5754411,
              14.4798748
            ],
            [
              -90.5753513,
              14.4799047
            ],
            [
              -90.5752708,
              14.4799189
            ],
            [
              -90.5751877,
              14.4799553
            ],
            [
              -90.5750804,
              14.4799917
            ],
            [
              -90.5750093,
              14.4800397
            ],
            [
              -90.574963,
              14.4800975
            ],
            [
              -90.5749081,
              14.4801546
            ],
            [
              -90.5749387,
              14.4802112
            ],
            [
              -90.5749738,
              14.4802273
            ],
            [
              -90.5750529,
              14.4802559
            ],
            [
              -90.5750767,
              14.4802429
            ],
            [
              -90.5753868,
              14.4802897
            ],
            [
              -90.5754177,
              14.4802254
            ],
            [
              -90.5754458,
              14.4801981
            ],
            [
              -90.5755357,
              14.4799598
            ],
            [
              -90.5756007,
              14.4799456
            ],
            [
              -90.5756805,
              14.4798696
            ],
            [
              -90.575769,
              14.4798053
            ],
            [
              -90.575818,
              14.479769
            ],
            [
              -90.5758609,
              14.4797891
            ],
            [
              -90.5759019,
              14.479841
            ],
            [
              -90.5759199,
              14.4799027
            ],
            [
              -90.575936,
              14.4799826
            ],
            [
              -90.5759575,
              14.4800527
            ],
            [
              -90.5759722,
              14.4800981
            ],
            [
              -90.5759977,
              14.4801345
            ],
            [
              -90.576046,
              14.4801416
            ],
            [
              -90.5760997,
              14.480136
            ],
            [
              -90.5761775,
              14.4800737
            ],
            [
              -90.5762741,
              14.4800633
            ],
            [
              -90.5763343,
              14.4800825
            ],
            [
              -90.5763772,
              14.4801155
            ],
            [
              -90.5763819,
              14.4801501
            ],
            [
              -90.5764242,
              14.4801955
            ],
            [
              -90.5764966,
              14.4802072
            ],
            [
              -90.5765797,
              14.4802267
            ],
            [
              -90.5766978,
              14.4803474
            ],
            [
              -90.576722,
              14.4804178
            ],
            [
              -90.5767837,
              14.4806762
            ],
            [
              -90.5770037,
              14.4810138
            ],
            [
              -90.5770332,
              14.481045
            ],
            [
              -90.5769701,
              14.4811541
            ],
            [
              -90.5768682,
              14.481206
            ],
            [
              -90.5766952,
              14.4812489
            ],
            [
              -90.5765772,
              14.4813138
            ],
            [
              -90.5764766,
              14.481393
            ],
            [
              -90.5763894,
              14.4815163
            ],
            [
              -90.5763479,
              14.4816397
            ],
            [
              -90.5762982,
              14.4816903
            ],
            [
              -90.5762298,
              14.4816955
            ],
            [
              -90.5761185,
              14.4816696
            ],
            [
              -90.5758583,
              14.4815813
            ],
            [
              -90.5755998,
              14.4816788
            ],
            [
              -90.5751981,
              14.4818361
            ],
            [
              -90.5738049,
              14.4824064
            ],
            [
              -90.5732416,
              14.4825878
            ],
            [
              -90.5731615,
              14.4825632
            ],
            [
              -90.5730884,
              14.482477
            ],
            [
              -90.5729211,
              14.4824141
            ],
            [
              -90.5727918,
              14.4823844
            ],
            [
              -90.5726819,
              14.4824313
            ],
            [
              -90.5725482,
              14.4825243
            ],
            [
              -90.5723671,
              14.4826258
            ],
            [
              -90.5722105,
              14.4827798
            ],
            [
              -90.5721165,
              14.4828571
            ],
            [
              -90.5721013,
              14.4829766
            ],
            [
              -90.5720544,
              14.4831064
            ],
            [
              -90.5720453,
              14.4833043
            ],
            [
              -90.5721054,
              14.4835242
            ],
            [
              -90.5721818,
              14.4836132
            ],
            [
              -90.5722618,
              14.483661
            ],
            [
              -90.5724293,
              14.483715
            ],
            [
              -90.5725895,
              14.4838079
            ],
            [
              -90.5727841,
              14.4840137
            ],
            [
              -90.5729024,
              14.4840446
            ],
            [
              -90.5730554,
              14.4842289
            ],
            [
              -90.5730742,
              14.4845291
            ],
            [
              -90.5732204,
              14.4848431
            ],
            [
              -90.5731918,
              14.4850705
            ],
            [
              -90.5731681,
              14.4851851
            ],
            [
              -90.573198,
              14.4853859
            ],
            [
              -90.5731143,
              14.4856644
            ],
            [
              -90.5732363,
              14.4860738
            ],
            [
              -90.573399,
              14.4864518
            ],
            [
              -90.5737616,
              14.4870186
            ],
            [
              -90.5738206,
              14.4872472
            ],
            [
              -90.5738122,
              14.487586
            ],
            [
              -90.5738041,
              14.4876542
            ],
            [
              -90.5737744,
              14.4876662
            ],
            [
              -90.5737462,
              14.4876745
            ],
            [
              -90.5737108,
              14.4876677
            ],
            [
              -90.5736849,
              14.4876263
            ],
            [
              -90.573702,
              14.4875973
            ],
            [
              -90.5736687,
              14.4875777
            ],
            [
              -90.5737003,
              14.4875297
            ],
            [
              -90.5736985,
              14.4874793
            ],
            [
              -90.5736676,
              14.4874274
            ],
            [
              -90.5735993,
              14.4873669
            ],
            [
              -90.5735094,
              14.4873222
            ],
            [
              -90.5734008,
              14.4872945
            ],
            [
              -90.5733401,
              14.4872781
            ],
            [
              -90.5732321,
              14.4872488
            ],
            [
              -90.5731223,
              14.4872058
            ],
            [
              -90.5730406,
              14.4871527
            ],
            [
              -90.5729787,
              14.4871188
            ],
            [
              -90.5728853,
              14.4871063
            ],
            [
              -90.5727359,
              14.4870882
            ],
            [
              -90.5726005,
              14.4870741
            ],
            [
              -90.5725001,
              14.4870509
            ],
            [
              -90.5724166,
              14.4870425
            ],
            [
              -90.5723349,
              14.4870442
            ],
            [
              -90.5722514,
              14.487034
            ],
            [
              -90.5722304,
              14.4870809
            ],
            [
              -90.5720436,
              14.4869566
            ],
            [
              -90.5719951,
              14.4868938
            ],
            [
              -90.5718854,
              14.4868339
            ],
            [
              -90.5718083,
              14.4868169
            ],
            [
              -90.5716828,
              14.4867471
            ],
            [
              -90.5714427,
              14.4866913
            ],
            [
              -90.5713462,
              14.4866251
            ],
            [
              -90.5712979,
              14.4865251
            ],
            [
              -90.5713073,
              14.4863835
            ],
            [
              -90.5713113,
              14.4862862
            ],
            [
              -90.5712644,
              14.4861875
            ],
            [
              -90.5711678,
              14.4860589
            ],
            [
              -90.571031,
              14.4858758
            ],
            [
              -90.5710101,
              14.485779
            ],
            [
              -90.5708929,
              14.4856265
            ],
            [
              -90.5709023,
              14.4855395
            ],
            [
              -90.570799,
              14.4853811
            ],
            [
              -90.5705006,
              14.485078
            ],
            [
              -90.570573,
              14.4849566
            ],
            [
              -90.570462,
              14.4848813
            ],
            [
              -90.5703521,
              14.4848579
            ],
            [
              -90.5702032,
              14.4848358
            ],
            [
              -90.5699917,
              14.4848369
            ],
            [
              -90.5698657,
              14.484831
            ],
            [
              -90.5696827,
              14.4847769
            ],
            [
              -90.5696624,
              14.4847169
            ],
            [
              -90.5695303,
              14.4846913
            ],
            [
              -90.5691908,
              14.4848133
            ],
            [
              -90.5690983,
              14.4848133
            ],
            [
              -90.5687436,
              14.4849294
            ],
            [
              -90.5686511,
              14.4849373
            ],
            [
              -90.5684969,
              14.4850509
            ],
            [
              -90.5684316,
              14.485016
            ],
            [
              -90.5683371,
              14.4849846
            ],
            [
              -90.5683086,
              14.4850249
            ],
            [
              -90.5682964,
              14.4850643
            ],
            [
              -90.5682923,
              14.4851538
            ],
            [
              -90.5683096,
              14.4852837
            ],
            [
              -90.5683452,
              14.4853309
            ],
            [
              -90.5684011,
              14.485449
            ],
            [
              -90.568394,
              14.4855514
            ],
            [
              -90.5683269,
              14.485946
            ],
            [
              -90.568209,
              14.4861684
            ],
            [
              -90.568045,
              14.4865042
            ],
            [
              -90.5679582,
              14.4866234
            ],
            [
              -90.5678606,
              14.4866845
            ],
            [
              -90.567736,
              14.4867787
            ],
            [
              -90.5676727,
              14.4867803
            ],
            [
              -90.56762,
              14.4867441
            ],
            [
              -90.5676068,
              14.4866854
            ],
            [
              -90.5675785,
              14.4866159
            ],
            [
              -90.5675245,
              14.4865586
            ],
            [
              -90.5674423,
              14.4865286
            ],
            [
              -90.5673396,
              14.486407
            ],
            [
              -90.5672245,
              14.4863453
            ],
            [
              -90.5671149,
              14.4863016
            ],
            [
              -90.5670193,
              14.4863059
            ],
            [
              -90.5669609,
              14.4862905
            ],
            [
              -90.5669273,
              14.4862476
            ],
            [
              -90.5668972,
              14.4861791
            ],
            [
              -90.5669016,
              14.4861199
            ],
            [
              -90.5669176,
              14.4860394
            ],
            [
              -90.5669583,
              14.4859692
            ],
            [
              -90.5670219,
              14.4858707
            ],
            [
              -90.5669891,
              14.4857658
            ],
            [
              -90.5669865,
              14.4856781
            ],
            [
              -90.5669322,
              14.4854614
            ],
            [
              -90.5669073,
              14.4853235
            ],
            [
              -90.5668787,
              14.4852681
            ],
            [
              -90.5668358,
              14.4852425
            ],
            [
              -90.5668109,
              14.4851849
            ],
            [
              -90.5667792,
              14.4851207
            ],
            [
              -90.5667401,
              14.4851061
            ],
            [
              -90.5666978,
              14.4851175
            ],
            [
              -90.5666584,
              14.4851928
            ],
            [
              -90.5665872,
              14.4851859
            ],
            [
              -90.5665278,
              14.485163
            ],
            [
              -90.5664272,
              14.4851561
            ],
            [
              -90.5662695,
              14.4851772
            ],
            [
              -90.5661058,
              14.4852642
            ],
            [
              -90.5659985,
              14.4853317
            ],
            [
              -90.5659838,
              14.4853875
            ],
            [
              -90.5659342,
              14.485411
            ],
            [
              -90.5658377,
              14.4853961
            ],
            [
              -90.5657518,
              14.4854258
            ],
            [
              -90.5657817,
              14.4855166
            ],
            [
              -90.5657759,
              14.485577
            ],
            [
              -90.5658049,
              14.4856608
            ],
            [
              -90.5658304,
              14.4857626
            ],
            [
              -90.5658882,
              14.4858457
            ],
            [
              -90.5659882,
              14.4859858
            ],
            [
              -90.5661146,
              14.4861096
            ],
            [
              -90.5662355,
              14.4862546
            ],
            [
              -90.5663846,
              14.4863995
            ],
            [
              -90.5664606,
              14.4864908
            ],
            [
              -90.5665659,
              14.4865332
            ],
            [
              -90.5666117,
              14.4866112
            ],
            [
              -90.5667017,
              14.4866567
            ],
            [
              -90.5668397,
              14.4867531
            ],
            [
              -90.5669217,
              14.4867544
            ],
            [
              -90.5669857,
              14.4867821
            ],
            [
              -90.5670018,
              14.4868433
            ],
            [
              -90.5672143,
              14.486893
            ],
            [
              -90.5674005,
              14.4869763
            ],
            [
              -90.5675686,
              14.4870409
            ],
            [
              -90.5677238,
              14.4870552
            ],
            [
              -90.5679454,
              14.487076
            ],
            [
              -90.5680362,
              14.4870968
            ],
            [
              -90.5682131,
              14.4871792
            ],
            [
              -90.5683521,
              14.4872127
            ],
            [
              -90.5685722,
              14.4872711
            ],
            [
              -90.5687621,
              14.4873001
            ],
            [
              -90.5689059,
              14.4872968
            ],
            [
              -90.5690054,
              14.487296
            ],
            [
              -90.5690881,
              14.4872625
            ],
            [
              -90.5691416,
              14.4872748
            ],
            [
              -90.5691829,
              14.4873169
            ],
            [
              -90.5692133,
              14.4874333
            ],
            [
              -90.5692708,
              14.4875029
            ],
            [
              -90.5693252,
              14.4875365
            ],
            [
              -90.5693773,
              14.4875677
            ],
            [
              -90.5695297,
              14.4876119
            ],
            [
              -90.5696555,
              14.4876483
            ],
            [
              -90.5697626,
              14.4877265
            ],
            [
              -90.5698312,
              14.4877446
            ],
            [
              -90.5699243,
              14.4878127
            ],
            [
              -90.5700235,
              14.4878689
            ],
            [
              -90.5701187,
              14.4879472
            ],
            [
              -90.5702323,
              14.4880701
            ],
            [
              -90.5703805,
              14.4881494
            ],
            [
              -90.5705363,
              14.4882078
            ],
            [
              -90.570857,
              14.4883527
            ],
            [
              -90.5710464,
              14.4884302
            ],
            [
              -90.5712313,
              14.4884453
            ],
            [
              -90.5714128,
              14.48846
            ],
            [
              -90.5715458,
              14.488475
            ],
            [
              -90.5717034,
              14.4884812
            ],
            [
              -90.5718523,
              14.4884404
            ],
            [
              -90.572091,
              14.4884193
            ],
            [
              -90.5722414,
              14.4883756
            ],
            [
              -90.5723856,
              14.4883062
            ],
            [
              -90.5725227,
              14.4882308
            ],
            [
              -90.5725926,
              14.4881837
            ],
            [
              -90.5725891,
              14.4881229
            ],
            [
              -90.5725731,
              14.4880975
            ],
            [
              -90.5725852,
              14.4880836
            ],
            [
              -90.5725961,
              14.4880809
            ],
            [
              -90.572641,
              14.4880785
            ],
            [
              -90.5726634,
              14.4880766
            ],
            [
              -90.5727201,
              14.4880809
            ],
            [
              -90.5727997,
              14.4881083
            ],
            [
              -90.5728692,
              14.48808
            ],
            [
              -90.5730797,
              14.4880227
            ],
            [
              -90.5732495,
              14.4880093
            ],
            [
              -90.5732383,
              14.4880929
            ],
            [
              -90.5732905,
              14.4881577
            ],
            [
              -90.5733387,
              14.4882028
            ],
            [
              -90.5734217,
              14.4882102
            ],
            [
              -90.5734998,
              14.4882164
            ],
            [
              -90.5735723,
              14.4882158
            ],
            [
              -90.5736233,
              14.4881944
            ],
            [
              -90.573823,
              14.4882046
            ],
            [
              -90.5739501,
              14.4881655
            ],
            [
              -90.5740201,
              14.4881621
            ],
            [
              -90.5740598,
              14.4881395
            ],
            [
              -90.5741787,
              14.488161
            ],
            [
              -90.5742839,
              14.4881453
            ],
            [
              -90.5745824,
              14.4881685
            ],
            [
              -90.5747182,
              14.4882325
            ],
            [
              -90.574816,
              14.4883543
            ],
            [
              -90.5749578,
              14.4884443
            ],
            [
              -90.5751489,
              14.4884746
            ],
            [
              -90.5753461,
              14.4883843
            ],
            [
              -90.5755359,
              14.4883657
            ],
            [
              -90.5757257,
              14.4882875
            ],
            [
              -90.5760828,
              14.4883171
            ],
            [
              -90.5763459,
              14.4882674
            ],
            [
              -90.5764224,
              14.4882512
            ],
            [
              -90.5765062,
              14.488234
            ],
            [
              -90.5766517,
              14.4882197
            ],
            [
              -90.5768059,
              14.4882009
            ],
            [
              -90.5769427,
              14.4881613
            ],
            [
              -90.5770929,
              14.4880989
            ],
            [
              -90.5772181,
              14.4876685
            ],
            [
              -90.5775013,
              14.4869788
            ],
            [
              -90.5776472,
              14.486879
            ],
            [
              -90.5779648,
              14.4868624
            ],
            [
              -90.5782738,
              14.4865466
            ],
            [
              -90.5785914,
              14.4864802
            ],
            [
              -90.5788746,
              14.4862558
            ],
            [
              -90.5791664,
              14.4858652
            ],
            [
              -90.5794239,
              14.4852585
            ],
            [
              -90.5798531,
              14.484735
            ],
            [
              -90.5801792,
              14.4844275
            ],
            [
              -90.5803337,
              14.4840536
            ],
            [
              -90.5805225,
              14.4837212
            ],
            [
              -90.5805397,
              14.4831394
            ],
            [
              -90.5806255,
              14.4827405
            ],
            [
              -90.5808487,
              14.4827239
            ],
            [
              -90.5809689,
              14.4823915
            ],
            [
              -90.5812092,
              14.4819926
            ],
            [
              -90.5814423,
              14.4814555
            ],
            [
              -90.5814816,
              14.4812805
            ],
            [
              -90.581586,
              14.4811843
            ],
            [
              -90.5816991,
              14.4811904
            ],
            [
              -90.5818529,
              14.4812281
            ],
            [
              -90.5820847,
              14.481494
            ],
            [
              -90.5824576,
              14.481496
            ],
            [
              -90.5826597,
              14.4814192
            ],
            [
              -90.5827984,
              14.4813326
            ],
            [
              -90.5829945,
              14.4812696
            ],
            [
              -90.5832691,
              14.4814607
            ],
            [
              -90.5837412,
              14.4813943
            ],
            [
              -90.5841103,
              14.4813943
            ],
            [
              -90.5844646,
              14.4815144
            ],
            [
              -90.5846059,
              14.4816227
            ],
            [
              -90.584741,
              14.4816773
            ],
            [
              -90.5848141,
              14.4818462
            ],
            [
              -90.5849171,
              14.4819344
            ],
            [
              -90.5849171,
              14.4822668
            ],
            [
              -90.5850544,
              14.482458
            ],
            [
              -90.5853291,
              14.482458
            ],
            [
              -90.5856359,
              14.4826332
            ],
            [
              -90.5859299,
              14.4827405
            ],
            [
              -90.5862496,
              14.482757
            ],
            [
              -90.586359,
              14.4827405
            ],
            [
              -90.5867195,
              14.4825993
            ],
            [
              -90.5870285,
              14.4823749
            ],
            [
              -90.5872687,
              14.4820311
            ],
            [
              -90.5874092,
              14.4819644
            ],
            [
              -90.587489,
              14.4818978
            ],
            [
              -90.5875506,
              14.481882
            ],
            [
              -90.5875989,
              14.4818912
            ],
            [
              -90.5877195,
              14.481904
            ],
            [
              -90.5877933,
              14.4818896
            ],
            [
              -90.5878218,
              14.4819152
            ],
            [
              -90.5878976,
              14.4819075
            ],
            [
              -90.5879931,
              14.4818966
            ],
            [
              -90.5880931,
              14.4819849
            ],
            [
              -90.5881557,
              14.4820234
            ],
            [
              -90.5881829,
              14.4820506
            ],
            [
              -90.5882644,
              14.4821308
            ],
            [
              -90.5883599,
              14.4822109
            ],
            [
              -90.5885509,
              14.482335
            ],
            [
              -90.588679,
              14.4824093
            ],
            [
              -90.5887754,
              14.4824614
            ],
            [
              -90.5888595,
              14.4825764
            ],
            [
              -90.5889114,
              14.4826476
            ],
            [
              -90.5889332,
              14.4827501
            ],
            [
              -90.5890039,
              14.4828448
            ],
            [
              -90.5890762,
              14.4829132
            ],
            [
              -90.5891125,
              14.4829825
            ],
            [
              -90.589165,
              14.4830203
            ],
            [
              -90.5892212,
              14.483025
            ],
            [
              -90.5893092,
              14.4830817
            ],
            [
              -90.5893957,
              14.4830926
            ],
            [
              -90.5894551,
              14.483091
            ],
            [
              -90.5895294,
              14.4830693
            ],
            [
              -90.5897211,
              14.4832911
            ],
            [
              -90.589795,
              14.4833555
            ],
            [
              -90.5898619,
              14.4834628
            ],
            [
              -90.5899948,
              14.4836338
            ],
            [
              -90.5900771,
              14.4838324
            ],
            [
              -90.5901475,
              14.4839758
            ],
            [
              -90.5902888,
              14.4840917
            ],
            [
              -90.5904535,
              14.4842166
            ],
            [
              -90.5905829,
              14.4843141
            ],
            [
              -90.5906577,
              14.4843858
            ],
            [
              -90.5907767,
              14.4843935
            ],
            [
              -90.5909368,
              14.4844408
            ],
            [
              -90.5913544,
              14.4844275
            ],
            [
              -90.5916634,
              14.4845688
            ],
            [
              -90.5920668,
              14.4849511
            ],
            [
              -90.5924101,
              14.4850674
            ],
            [
              -90.5927277,
              14.4852336
            ],
            [
              -90.5930967,
              14.4852835
            ],
            [
              -90.59338,
              14.4853998
            ],
            [
              -90.5937233,
              14.4853417
            ],
            [
              -90.593998,
              14.4853417
            ],
            [
              -90.59441,
              14.4854497
            ],
            [
              -90.5947876,
              14.4853666
            ],
            [
              -90.5951309,
              14.4851754
            ],
            [
              -90.5956116,
              14.4850923
            ],
            [
              -90.596015,
              14.4850092
            ],
            [
              -90.5963841,
              14.4850674
            ],
            [
              -90.5967617,
              14.4849677
            ],
            [
              -90.5974484,
              14.4850342
            ],
            [
              -90.597929,
              14.4851505
            ],
            [
              -90.598201,
              14.4854133
            ],
            [
              -90.5983753,
              14.4856159
            ],
            [
              -90.5988903,
              14.4858818
            ],
            [
              -90.5995083,
              14.4861311
            ],
            [
              -90.6000748,
              14.4863139
            ],
            [
              -90.6005898,
              14.4863638
            ],
            [
              -90.6009503,
              14.4864635
            ],
            [
              -90.6013794,
              14.4866297
            ],
            [
              -90.6019974,
              14.4868624
            ],
            [
              -90.6027355,
              14.4870619
            ],
            [
              -90.6033363,
              14.4872945
            ],
            [
              -90.6036797,
              14.4876685
            ],
            [
              -90.6038513,
              14.4881671
            ],
            [
              -90.6042118,
              14.488915
            ],
            [
              -90.6044865,
              14.4891228
            ],
            [
              -90.6048985,
              14.4894136
            ],
            [
              -90.6052847,
              14.4897211
            ],
            [
              -90.606143,
              14.4899704
            ],
            [
              -90.6065121,
              14.4901034
            ],
            [
              -90.6070013,
              14.4902446
            ],
            [
              -90.6072974,
              14.4904109
            ],
            [
              -90.6075764,
              14.490577
            ],
            [
              -90.6077738,
              14.4907432
            ],
            [
              -90.6080313,
              14.4910507
            ],
            [
              -90.6083317,
              14.4913665
            ],
            [
              -90.608675,
              14.4913561
            ],
            [
              -90.6089497,
              14.4913499
            ],
            [
              -90.6093788,
              14.4913499
            ],
            [
              -90.6098233,
              14.4912494
            ],
            [
              -90.6100912,
              14.4911587
            ],
            [
              -90.6105461,
              14.4908263
            ],
            [
              -90.6107779,
              14.4904939
            ],
            [
              -90.6109753,
              14.49012
            ],
            [
              -90.6111469,
              14.4895549
            ],
            [
              -90.6112929,
              14.4891394
            ],
            [
              -90.6113186,
              14.4887239
            ],
            [
              -90.6112671,
              14.488192
            ],
            [
              -90.6114044,
              14.4874774
            ]
          ],
          [
            [
              -90.5735952,
              14.4876387
            ],
            [
              -90.5735888,
              14.4876579
            ],
            [
              -90.5735818,
              14.4876806
            ],
            [
              -90.5735555,
              14.4876998
            ],
            [
              -90.5735234,
              14.4877128
            ],
            [
              -90.5734884,
              14.487715
            ],
            [
              -90.573458,
              14.4877043
            ],
            [
              -90.5734457,
              14.4876806
            ],
            [
              -90.5734271,
              14.4876512
            ],
            [
              -90.5733926,
              14.4876184
            ],
            [
              -90.5733611,
              14.4875924
            ],
            [
              -90.5733237,
              14.48758
            ],
            [
              -90.5732788,
              14.4875884
            ],
            [
              -90.5732414,
              14.4875986
            ],
            [
              -90.5732064,
              14.4876031
            ],
            [
              -90.5731428,
              14.4875862
            ],
            [
              -90.5730897,
              14.4875489
            ],
            [
              -90.5730389,
              14.4875087
            ],
            [
              -90.5730085,
              14.4874748
            ],
            [
              -90.572956,
              14.4874279
            ],
            [
              -90.5729151,
              14.4874002
            ],
            [
              -90.5728562,
              14.4873714
            ],
            [
              -90.5728048,
              14.4873544
            ],
            [
              -90.5727534,
              14.4873488
            ],
            [
              -90.572705,
              14.4873556
            ],
            [
              -90.5726647,
              14.4873737
            ],
            [
              -90.5726407,
              14.4873906
            ],
            [
              -90.5726116,
              14.4874211
            ],
            [
              -90.5725736,
              14.487455
            ],
            [
              -90.5725415,
              14.4874686
            ],
            [
              -90.5725176,
              14.4874822
            ],
            [
              -90.5724954,
              14.4874923
            ],
            [
              -90.5724814,
              14.4874799
            ],
            [
              -90.5724615,
              14.4874844
            ],
            [
              -90.5724429,
              14.4875025
            ],
            [
              -90.5724312,
              14.4875619
            ],
            [
              -90.5724318,
              14.4876037
            ],
            [
              -90.5724359,
              14.4876325
            ],
            [
              -90.5724545,
              14.48768
            ],
            [
              -90.5724709,
              14.4877139
            ],
            [
              -90.5724779,
              14.4877501
            ],
            [
              -90.5724726,
              14.4877744
            ],
            [
              -90.5724563,
              14.4877964
            ],
            [
              -90.5724341,
              14.4878083
            ],
            [
              -90.5724143,
              14.4878134
            ],
            [
              -90.5723944,
              14.4878111
            ],
            [
              -90.5723868,
              14.4878055
            ],
            [
              -90.5723664,
              14.4877992
            ],
            [
              -90.5723495,
              14.4877885
            ],
            [
              -90.5723238,
              14.4877614
            ],
            [
              -90.5722922,
              14.4877359
            ],
            [
              -90.5722607,
              14.4877037
            ],
            [
              -90.5722491,
              14.4876766
            ],
            [
              -90.5722636,
              14.4876653
            ],
            [
              -90.5722777,
              14.4876619
            ],
            [
              -90.5722718,
              14.4876461
            ],
            [
              -90.5722759,
              14.4876269
            ],
            [
              -90.5722829,
              14.4876048
            ],
            [
              -90.5722782,
              14.4875749
            ],
            [
              -90.5722823,
              14.4875347
            ],
            [
              -90.5722946,
              14.4874697
            ],
            [
              -90.5723144,
              14.4874409
            ],
            [
              -90.572346,
              14.4874093
            ],
            [
              -90.5723576,
              14.4873906
            ],
            [
              -90.572343,
              14.4873731
            ],
            [
              -90.572329,
              14.4873533
            ],
            [
              -90.5723337,
              14.487342
            ],
            [
              -90.572353,
              14.4873375
            ],
            [
              -90.5723781,
              14.4873364
            ],
            [
              -90.5723979,
              14.4873364
            ],
            [
              -90.5724166,
              14.4873307
            ],
            [
              -90.5724394,
              14.4873143
            ],
            [
              -90.572468,
              14.4872979
            ],
            [
              -90.57251,
              14.4872855
            ],
            [
              -90.57258,
              14.4872855
            ],
            [
              -90.5726314,
              14.4872776
            ],
            [
              -90.5727067,
              14.4872685
            ],
            [
              -90.5727826,
              14.4872736
            ],
            [
              -90.5728877,
              14.4872844
            ],
            [
              -90.5729694,
              14.487307
            ],
            [
              -90.5730955,
              14.4873595
            ],
            [
              -90.5732333,
              14.4874093
            ],
            [
              -90.5734306,
              14.4874624
            ],
            [
              -90.5734796,
              14.4874918
            ],
            [
              -90.5735461,
              14.4875511
            ],
            [
              -90.5735841,
              14.4876105
            ],
            [
              -90.5735952,
              14.4876387
            ]
          ]
        ]
      }
    },
    {
      "type": "Feature",
      "properties": {
        "id": "atitlan",
        "nombre": "Lago de Atitlan",
        "fuente": "OpenStreetMap contributors via Nominatim",
        "licencia": "ODbL 1.0",
        "osm_relation_id": 5781818,
        "uso": "recorte_del_espejo_de_agua_y_calculo_de_area"
      },
      "geometry": {
        "type": "Polygon",
        "coordinates": [
          [
            [
              -91.2873457,
              14.7030759
            ],
            [
              -91.2866279,
              14.7016808
            ],
            [
              -91.2860312,
              14.7008317
            ],
            [
              -91.2858519,
              14.7005539
            ],
            [
              -91.2855041,
              14.7000888
            ],
            [
              -91.2849927,
              14.6995515
            ],
            [
              -91.284719,
              14.6993496
            ],
            [
              -91.2844975,
              14.6993079
            ],
            [
              -91.2844318,
              14.699236
            ],
            [
              -91.2843941,
              14.6989857
            ],
            [
              -91.2843477,
              14.6988425
            ],
            [
              -91.2843294,
              14.6987043
            ],
            [
              -91.2843941,
              14.6985716
            ],
            [
              -91.2842748,
              14.6981348
            ],
            [
              -91.2843216,
              14.6980144
            ],
            [
              -91.2846162,
              14.6979104
            ],
            [
              -91.2844301,
              14.6974967
            ],
            [
              -91.2843709,
              14.6973503
            ],
            [
              -91.2843087,
              14.6973114
            ],
            [
              -91.2842068,
              14.697165
            ],
            [
              -91.2840162,
              14.6972759
            ],
            [
              -91.283818,
              14.6969046
            ],
            [
              -91.2835699,
              14.696984
            ],
            [
              -91.2834952,
              14.6968465
            ],
            [
              -91.2833386,
              14.6965814
            ],
            [
              -91.2830802,
              14.6961817
            ],
            [
              -91.2827247,
              14.6956752
            ],
            [
              -91.2822756,
              14.6951962
            ],
            [
              -91.2820114,
              14.6950379
            ],
            [
              -91.2817646,
              14.695182
            ],
            [
              -91.2816976,
              14.695108
            ],
            [
              -91.2817298,
              14.6950833
            ],
            [
              -91.281703,
              14.6950522
            ],
            [
              -91.2814589,
              14.6951067
            ],
            [
              -91.2811719,
              14.6949108
            ],
            [
              -91.2810914,
              14.694986
            ],
            [
              -91.2808312,
              14.6950587
            ],
            [
              -91.280706,
              14.6948681
            ],
            [
              -91.2797286,
              14.695589
            ],
            [
              -91.2791363,
              14.6959863
            ],
            [
              -91.2783756,
              14.6963763
            ],
            [
              -91.2780211,
              14.6962991
            ],
            [
              -91.2778092,
              14.6963224
            ],
            [
              -91.2775035,
              14.6962264
            ],
            [
              -91.2774632,
              14.6960993
            ],
            [
              -91.277415,
              14.6958139
            ],
            [
              -91.2774176,
              14.6955934
            ],
            [
              -91.2773345,
              14.6953417
            ],
            [
              -91.2772299,
              14.6951082
            ],
            [
              -91.2769187,
              14.6949421
            ],
            [
              -91.2764279,
              14.6944985
            ],
            [
              -91.2761964,
              14.6943019
            ],
            [
              -91.2758828,
              14.6939116
            ],
            [
              -91.2758138,
              14.6937944
            ],
            [
              -91.2756268,
              14.693672
            ],
            [
              -91.2754159,
              14.6935671
            ],
            [
              -91.275246,
              14.693548
            ],
            [
              -91.2747434,
              14.6936072
            ],
            [
              -91.274451,
              14.6938044
            ],
            [
              -91.2740594,
              14.6943933
            ],
            [
              -91.2740889,
              14.6945178
            ],
            [
              -91.2740299,
              14.6946963
            ],
            [
              -91.2739179,
              14.6949099
            ],
            [
              -91.2738101,
              14.6950128
            ],
            [
              -91.2737274,
              14.6950931
            ],
            [
              -91.2736662,
              14.6951762
            ],
            [
              -91.2736953,
              14.6953322
            ],
            [
              -91.2734049,
              14.695662
            ],
            [
              -91.27325,
              14.696
            ],
            [
              -91.272,
              14.6965
            ],
            [
              -91.2712544,
              14.6970837
            ],
            [
              -91.2700217,
              14.6977122
            ],
            [
              -91.269898,
              14.6977463
            ],
            [
              -91.2696692,
              14.6978568
            ],
            [
              -91.2696075,
              14.6978205
            ],
            [
              -91.2695968,
              14.6977453
            ],
            [
              -91.2696718,
              14.697619
            ],
            [
              -91.2697383,
              14.6974491
            ],
            [
              -91.2699584,
              14.697058
            ],
            [
              -91.2699953,
              14.6968697
            ],
            [
              -91.2699097,
              14.6965967
            ],
            [
              -91.2697965,
              14.6964236
            ],
            [
              -91.2694971,
              14.6962481
            ],
            [
              -91.269244,
              14.6959956
            ],
            [
              -91.2691057,
              14.6957143
            ],
            [
              -91.2689656,
              14.6954889
            ],
            [
              -91.2687993,
              14.6952875
            ],
            [
              -91.2686814,
              14.6949498
            ],
            [
              -91.268591,
              14.6946111
            ],
            [
              -91.2684938,
              14.6944145
            ],
            [
              -91.2683569,
              14.694359
            ],
            [
              -91.2680854,
              14.6941883
            ],
            [
              -91.2679097,
              14.6940637
            ],
            [
              -91.2678319,
              14.6939742
            ],
            [
              -91.2677096,
              14.6939594
            ],
            [
              -91.2676919,
              14.6938868
            ],
            [
              -91.2677644,
              14.6937698
            ],
            [
              -91.2678046,
              14.6936755
            ],
            [
              -91.2678011,
              14.6935714
            ],
            [
              -91.2677875,
              14.6934399
            ],
            [
              -91.2677374,
              14.6933287
            ],
            [
              -91.2676448,
              14.6932443
            ],
            [
              -91.2675423,
              14.6931659
            ],
            [
              -91.2674618,
              14.693042
            ],
            [
              -91.2674142,
              14.6928818
            ],
            [
              -91.2673724,
              14.692749
            ],
            [
              -91.2672728,
              14.6925487
            ],
            [
              -91.2672747,
              14.6924498
            ],
            [
              -91.2672365,
              14.6923864
            ],
            [
              -91.2670822,
              14.6924318
            ],
            [
              -91.2670125,
              14.6922476
            ],
            [
              -91.2669747,
              14.6921075
            ],
            [
              -91.266855,
              14.6919859
            ],
            [
              -91.2666913,
              14.6918279
            ],
            [
              -91.2666608,
              14.6917596
            ],
            [
              -91.2666226,
              14.6916814
            ],
            [
              -91.2665822,
              14.6916044
            ],
            [
              -91.2665074,
              14.6914952
            ],
            [
              -91.2664007,
              14.6913166
            ],
            [
              -91.2662852,
              14.6911734
            ],
            [
              -91.2661638,
              14.6910213
            ],
            [
              -91.2659304,
              14.6907968
            ],
            [
              -91.2658082,
              14.6906329
            ],
            [
              -91.2656359,
              14.6904757
            ],
            [
              -91.2655504,
              14.6903843
            ],
            [
              -91.2653508,
              14.690335
            ],
            [
              -91.2652104,
              14.690322
            ],
            [
              -91.2650744,
              14.6902988
            ],
            [
              -91.2647875,
              14.6903507
            ],
            [
              -91.2646128,
              14.6904084
            ],
            [
              -91.2645355,
              14.6905975
            ],
            [
              -91.264337,
              14.6906416
            ],
            [
              -91.2642726,
              14.6905222
            ],
            [
              -91.2644061,
              14.6903243
            ],
            [
              -91.2642473,
              14.6898731
            ],
            [
              -91.2633096,
              14.6883597
            ],
            [
              -91.2623278,
              14.687018
            ],
            [
              -91.2620518,
              14.6862646
            ],
            [
              -91.2614678,
              14.6858408
            ],
            [
              -91.2608045,
              14.6857015
            ],
            [
              -91.2601481,
              14.6857984
            ],
            [
              -91.2598872,
              14.6855485
            ],
            [
              -91.25956,
              14.6853876
            ],
            [
              -91.2591651,
              14.6846047
            ],
            [
              -91.2591603,
              14.6842589
            ],
            [
              -91.2589431,
              14.6839431
            ],
            [
              -91.2583497,
              14.6836188
            ],
            [
              -91.2581009,
              14.6835506
            ],
            [
              -91.2577891,
              14.6830082
            ],
            [
              -91.2575285,
              14.6825989
            ],
            [
              -91.2573125,
              14.6823087
            ],
            [
              -91.2563997,
              14.6822508
            ],
            [
              -91.2561603,
              14.6819686
            ],
            [
              -91.2558385,
              14.6814185
            ],
            [
              -91.2551616,
              14.6806109
            ],
            [
              -91.2545,
              14.68025
            ],
            [
              -91.2537252,
              14.6799234
            ],
            [
              -91.2527046,
              14.6797158
            ],
            [
              -91.2521586,
              14.6797303
            ],
            [
              -91.2519815,
              14.6795928
            ],
            [
              -91.2517143,
              14.679416
            ],
            [
              -91.2513531,
              14.6794314
            ],
            [
              -91.2511346,
              14.6794586
            ],
            [
              -91.2510236,
              14.6794243
            ],
            [
              -91.2509113,
              14.6793451
            ],
            [
              -91.2508309,
              14.6792821
            ],
            [
              -91.2509386,
              14.6790946
            ],
            [
              -91.2508108,
              14.6791003
            ],
            [
              -91.2506725,
              14.6791032
            ],
            [
              -91.250549,
              14.6790805
            ],
            [
              -91.2502314,
              14.6788607
            ],
            [
              -91.2501864,
              14.678772
            ],
            [
              -91.2501752,
              14.678601
            ],
            [
              -91.2501361,
              14.6783368
            ],
            [
              -91.24925,
              14.6775
            ],
            [
              -91.2491029,
              14.6774618
            ],
            [
              -91.2489366,
              14.6774684
            ],
            [
              -91.2480354,
              14.6776688
            ],
            [
              -91.2478835,
              14.6776392
            ],
            [
              -91.24725,
              14.6775
            ],
            [
              -91.2465099,
              14.6769613
            ],
            [
              -91.2460484,
              14.6767453
            ],
            [
              -91.2457269,
              14.6767086
            ],
            [
              -91.2454284,
              14.6765959
            ],
            [
              -91.245176,
              14.6764742
            ],
            [
              -91.2449722,
              14.6762613
            ],
            [
              -91.2449077,
              14.6761539
            ],
            [
              -91.2449029,
              14.6758075
            ],
            [
              -91.2447647,
              14.6755212
            ],
            [
              -91.2444659,
              14.6750297
            ],
            [
              -91.2437509,
              14.6743401
            ],
            [
              -91.2428066,
              14.673142
            ],
            [
              -91.242267,
              14.6731836
            ],
            [
              -91.2418134,
              14.6726777
            ],
            [
              -91.2417008,
              14.6725505
            ],
            [
              -91.2415982,
              14.672363
            ],
            [
              -91.2417771,
              14.6714299
            ],
            [
              -91.2419361,
              14.6705285
            ],
            [
              -91.2421168,
              14.6702735
            ],
            [
              -91.2420052,
              14.6699098
            ],
            [
              -91.241129,
              14.6678473
            ],
            [
              -91.2406124,
              14.6676551
            ],
            [
              -91.2407418,
              14.666551
            ],
            [
              -91.2407871,
              14.6664729
            ],
            [
              -91.240843,
              14.6664149
            ],
            [
              -91.2408016,
              14.6662117
            ],
            [
              -91.2407772,
              14.666092
            ],
            [
              -91.2407781,
              14.6659958
            ],
            [
              -91.2408349,
              14.6659421
            ],
            [
              -91.2408883,
              14.6658736
            ],
            [
              -91.2408406,
              14.6658022
            ],
            [
              -91.2407777,
              14.6657094
            ],
            [
              -91.2407241,
              14.6656134
            ],
            [
              -91.24066,
              14.6655272
            ],
            [
              -91.2406023,
              14.6655098
            ],
            [
              -91.2405106,
              14.665498
            ],
            [
              -91.2404173,
              14.6654606
            ],
            [
              -91.2402666,
              14.6653972
            ],
            [
              -91.2401263,
              14.6653336
            ],
            [
              -91.2385082,
              14.6641603
            ],
            [
              -91.2378331,
              14.6636646
            ],
            [
              -91.2371583,
              14.6630815
            ],
            [
              -91.2370282,
              14.6629549
            ],
            [
              -91.2369619,
              14.6628214
            ],
            [
              -91.2370967,
              14.6627934
            ],
            [
              -91.2374049,
              14.6628218
            ],
            [
              -91.2375957,
              14.6627603
            ],
            [
              -91.2377767,
              14.6625899
            ],
            [
              -91.2378665,
              14.6622483
            ],
            [
              -91.2377864,
              14.6620771
            ],
            [
              -91.237768,
              14.662037
            ],
            [
              -91.2377797,
              14.6619738
            ],
            [
              -91.2377895,
              14.6619176
            ],
            [
              -91.23797,
              14.6617225
            ],
            [
              -91.2381754,
              14.6615935
            ],
            [
              -91.2381985,
              14.6615472
            ],
            [
              -91.2382155,
              14.6615308
            ],
            [
              -91.2382416,
              14.6615182
            ],
            [
              -91.2382761,
              14.6615193
            ],
            [
              -91.2383188,
              14.6615135
            ],
            [
              -91.2383688,
              14.6615214
            ],
            [
              -91.2384068,
              14.6615133
            ],
            [
              -91.238432,
              14.6614912
            ],
            [
              -91.2386484,
              14.6609546
            ],
            [
              -91.2386299,
              14.6605506
            ],
            [
              -91.2386931,
              14.660422
            ],
            [
              -91.2389905,
              14.6602343
            ],
            [
              -91.2390343,
              14.6601427
            ],
            [
              -91.2390211,
              14.6600523
            ],
            [
              -91.2389832,
              14.6599699
            ],
            [
              -91.2389453,
              14.659908
            ],
            [
              -91.2388223,
              14.6598701
            ],
            [
              -91.2386438,
              14.6597712
            ],
            [
              -91.2385927,
              14.6596557
            ],
            [
              -91.2386375,
              14.6596423
            ],
            [
              -91.238692,
              14.6596471
            ],
            [
              -91.2387424,
              14.6596503
            ],
            [
              -91.2387859,
              14.6596327
            ],
            [
              -91.238818,
              14.6596372
            ],
            [
              -91.238847,
              14.6595951
            ],
            [
              -91.2390328,
              14.6596459
            ],
            [
              -91.2393976,
              14.6593945
            ],
            [
              -91.2394171,
              14.6592192
            ],
            [
              -91.2394836,
              14.659108
            ],
            [
              -91.2394486,
              14.6589989
            ],
            [
              -91.2393546,
              14.6587383
            ],
            [
              -91.2392966,
              14.6586658
            ],
            [
              -91.2392642,
              14.6586104
            ],
            [
              -91.2392617,
              14.6585657
            ],
            [
              -91.2392801,
              14.658518
            ],
            [
              -91.2392613,
              14.6584391
            ],
            [
              -91.24025,
              14.65725
            ],
            [
              -91.2399045,
              14.656618
            ],
            [
              -91.23925,
              14.65575
            ],
            [
              -91.2388882,
              14.655618
            ],
            [
              -91.2375101,
              14.6556683
            ],
            [
              -91.2370975,
              14.6555046
            ],
            [
              -91.2369776,
              14.6553095
            ],
            [
              -91.2359694,
              14.6546976
            ],
            [
              -91.235574,
              14.6542923
            ],
            [
              -91.2355935,
              14.6536915
            ],
            [
              -91.2351224,
              14.6528672
            ],
            [
              -91.2350366,
              14.6527569
            ],
            [
              -91.2349479,
              14.6527433
            ],
            [
              -91.2349561,
              14.6526654
            ],
            [
              -91.2350701,
              14.6525539
            ],
            [
              -91.235101,
              14.6523828
            ],
            [
              -91.2347831,
              14.6520459
            ],
            [
              -91.2347438,
              14.651924
            ],
            [
              -91.2349614,
              14.6516578
            ],
            [
              -91.2348536,
              14.6511713
            ],
            [
              -91.2351768,
              14.6509764
            ],
            [
              -91.2356797,
              14.6504472
            ],
            [
              -91.2366094,
              14.6502681
            ],
            [
              -91.2385446,
              14.6496961
            ],
            [
              -91.2386341,
              14.6492972
            ],
            [
              -91.2395,
              14.648
            ],
            [
              -91.2394329,
              14.6476748
            ],
            [
              -91.2392063,
              14.6471049
            ],
            [
              -91.2392474,
              14.6463243
            ],
            [
              -91.2394106,
              14.6460629
            ],
            [
              -91.2398447,
              14.6459455
            ],
            [
              -91.240026,
              14.6456061
            ],
            [
              -91.2399814,
              14.6449516
            ],
            [
              -91.2401435,
              14.6448037
            ],
            [
              -91.2407476,
              14.6445898
            ],
            [
              -91.2409614,
              14.6440455
            ],
            [
              -91.2407419,
              14.6437736
            ],
            [
              -91.2399888,
              14.6433807
            ],
            [
              -91.2398049,
              14.6420909
            ],
            [
              -91.2400732,
              14.6416823
            ],
            [
              -91.2401464,
              14.6411949
            ],
            [
              -91.2408507,
              14.6407924
            ],
            [
              -91.2410183,
              14.6403741
            ],
            [
              -91.2415244,
              14.6401652
            ],
            [
              -91.241937,
              14.6398317
            ],
            [
              -91.2425853,
              14.6398129
            ],
            [
              -91.2441149,
              14.6402989
            ],
            [
              -91.24475,
              14.64025
            ],
            [
              -91.245,
              14.63925
            ],
            [
              -91.2445,
              14.6385
            ],
            [
              -91.24475,
              14.63825
            ],
            [
              -91.24525,
              14.6375
            ],
            [
              -91.245,
              14.63675
            ],
            [
              -91.24575,
              14.63625
            ],
            [
              -91.24625,
              14.6355
            ],
            [
              -91.24925,
              14.63475
            ],
            [
              -91.2491969,
              14.6341752
            ],
            [
              -91.2497002,
              14.6331783
            ],
            [
              -91.2503815,
              14.6324568
            ],
            [
              -91.2507801,
              14.6322803
            ],
            [
              -91.2508969,
              14.6317321
            ],
            [
              -91.250636,
              14.6311314
            ],
            [
              -91.2510882,
              14.6303513
            ],
            [
              -91.2512502,
              14.6301044
            ],
            [
              -91.2515467,
              14.6301109
            ],
            [
              -91.2517591,
              14.6297852
            ],
            [
              -91.2519897,
              14.6291886
            ],
            [
              -91.2526565,
              14.628931
            ],
            [
              -91.25325,
              14.62875
            ],
            [
              -91.2537493,
              14.6283274
            ],
            [
              -91.2543448,
              14.6282036
            ],
            [
              -91.2547799,
              14.6280503
            ],
            [
              -91.2549336,
              14.627964
            ],
            [
              -91.2550739,
              14.6277111
            ],
            [
              -91.2550158,
              14.6275266
            ],
            [
              -91.2550849,
              14.627397
            ],
            [
              -91.2550519,
              14.6272799
            ],
            [
              -91.2550189,
              14.6270376
            ],
            [
              -91.2551482,
              14.6267767
            ],
            [
              -91.2553655,
              14.6266516
            ],
            [
              -91.255327,
              14.6264067
            ],
            [
              -91.2552968,
              14.6262497
            ],
            [
              -91.2554398,
              14.6261698
            ],
            [
              -91.2554969,
              14.625992
            ],
            [
              -91.2554783,
              14.6257918
            ],
            [
              -91.255502,
              14.6256171
            ],
            [
              -91.2555629,
              14.6254017
            ],
            [
              -91.2557122,
              14.6252684
            ],
            [
              -91.255165,
              14.6247901
            ],
            [
              -91.2547386,
              14.622427
            ],
            [
              -91.2545,
              14.6215
            ],
            [
              -91.25425,
              14.621
            ],
            [
              -91.2545,
              14.62075
            ],
            [
              -91.25475,
              14.62025
            ],
            [
              -91.25475,
              14.61975
            ],
            [
              -91.2545,
              14.61875
            ],
            [
              -91.254673,
              14.6167769
            ],
            [
              -91.254408,
              14.6160621
            ],
            [
              -91.25475,
              14.615
            ],
            [
              -91.2547309,
              14.6146061
            ],
            [
              -91.254695,
              14.614223
            ],
            [
              -91.2535159,
              14.6122292
            ],
            [
              -91.2525953,
              14.612416
            ],
            [
              -91.2511432,
              14.6127908
            ],
            [
              -91.24975,
              14.6145
            ],
            [
              -91.2465,
              14.618
            ],
            [
              -91.24525,
              14.6185
            ],
            [
              -91.24525,
              14.61925
            ],
            [
              -91.244,
              14.61975
            ],
            [
              -91.24325,
              14.62075
            ],
            [
              -91.24225,
              14.62225
            ],
            [
              -91.24225,
              14.623
            ],
            [
              -91.241,
              14.6235
            ],
            [
              -91.240824,
              14.6240262
            ],
            [
              -91.2404968,
              14.6247633
            ],
            [
              -91.2395097,
              14.6256924
            ],
            [
              -91.2390538,
              14.6262634
            ],
            [
              -91.2386568,
              14.6266734
            ],
            [
              -91.2374713,
              14.6273378
            ],
            [
              -91.2368329,
              14.6277116
            ],
            [
              -91.236216,
              14.6278465
            ],
            [
              -91.2357698,
              14.6287317
            ],
            [
              -91.2357477,
              14.6287757
            ],
            [
              -91.2355615,
              14.6291286
            ],
            [
              -91.2346389,
              14.629222
            ],
            [
              -91.2345369,
              14.6296217
            ],
            [
              -91.2340488,
              14.62985
            ],
            [
              -91.2337484,
              14.6304314
            ],
            [
              -91.2333997,
              14.630831
            ],
            [
              -91.2326701,
              14.6319678
            ],
            [
              -91.2322088,
              14.6327359
            ],
            [
              -91.2318064,
              14.6329747
            ],
            [
              -91.23125,
              14.63325
            ],
            [
              -91.2312754,
              14.6338571
            ],
            [
              -91.232,
              14.63425
            ],
            [
              -91.2335,
              14.635
            ],
            [
              -91.234,
              14.635
            ],
            [
              -91.2353115,
              14.6351101
            ],
            [
              -91.2357547,
              14.6358657
            ],
            [
              -91.2356742,
              14.6366858
            ],
            [
              -91.2357225,
              14.637537
            ],
            [
              -91.2354757,
              14.6381806
            ],
            [
              -91.2354167,
              14.6387827
            ],
            [
              -91.2353778,
              14.6394498
            ],
            [
              -91.2354864,
              14.6403242
            ],
            [
              -91.2355776,
              14.6407083
            ],
            [
              -91.2356045,
              14.6410457
            ],
            [
              -91.2353201,
              14.6415802
            ],
            [
              -91.2347354,
              14.6419903
            ],
            [
              -91.2344779,
              14.6419384
            ],
            [
              -91.2343689,
              14.6418852
            ],
            [
              -91.234245,
              14.6420051
            ],
            [
              -91.2342917,
              14.642073
            ],
            [
              -91.2342368,
              14.6421058
            ],
            [
              -91.2341304,
              14.6420028
            ],
            [
              -91.2340591,
              14.6420922
            ],
            [
              -91.2341632,
              14.6421804
            ],
            [
              -91.2339855,
              14.6422596
            ],
            [
              -91.2338492,
              14.6423948
            ],
            [
              -91.2337657,
              14.6423478
            ],
            [
              -91.2335,
              14.6425
            ],
            [
              -91.232713,
              14.6425768
            ],
            [
              -91.2318923,
              14.6423276
            ],
            [
              -91.231,
              14.64225
            ],
            [
              -91.2306531,
              14.6422965
            ],
            [
              -91.2305029,
              14.6426598
            ],
            [
              -91.2304117,
              14.6431633
            ],
            [
              -91.2303259,
              14.6432307
            ],
            [
              -91.2301569,
              14.6430621
            ],
            [
              -91.2299433,
              14.6431447
            ],
            [
              -91.2296801,
              14.6433893
            ],
            [
              -91.2295839,
              14.6435672
            ],
            [
              -91.2291844,
              14.6436814
            ],
            [
              -91.2289617,
              14.6439435
            ],
            [
              -91.2289617,
              14.6443899
            ],
            [
              -91.2288678,
              14.6447285
            ],
            [
              -91.2290877,
              14.6451087
            ],
            [
              -91.2290931,
              14.6452643
            ],
            [
              -91.2288249,
              14.6453449
            ],
            [
              -91.2285704,
              14.6456397
            ],
            [
              -91.2283524,
              14.6460383
            ],
            [
              -91.2284545,
              14.6467557
            ],
            [
              -91.2289915,
              14.6469858
            ],
            [
              -91.2292145,
              14.6469643
            ],
            [
              -91.2295294,
              14.6471423
            ],
            [
              -91.2297253,
              14.6473176
            ],
            [
              -91.2298816,
              14.6473635
            ],
            [
              -91.2300947,
              14.6472449
            ],
            [
              -91.2304089,
              14.6473524
            ],
            [
              -91.2305389,
              14.6473677
            ],
            [
              -91.2311636,
              14.6472385
            ],
            [
              -91.2312434,
              14.6473009
            ],
            [
              -91.2311981,
              14.6474256
            ],
            [
              -91.2312726,
              14.6478028
            ],
            [
              -91.2314706,
              14.647973
            ],
            [
              -91.231661,
              14.6479834
            ],
            [
              -91.2319416,
              14.6482141
            ],
            [
              -91.2320345,
              14.6484667
            ],
            [
              -91.2318996,
              14.6487916
            ],
            [
              -91.2317058,
              14.6491056
            ],
            [
              -91.2313983,
              14.6496514
            ],
            [
              -91.2314332,
              14.6500152
            ],
            [
              -91.231211,
              14.650177
            ],
            [
              -91.2309278,
              14.6501085
            ],
            [
              -91.2304742,
              14.6505687
            ],
            [
              -91.2300633,
              14.6507851
            ],
            [
              -91.229678,
              14.6512649
            ],
            [
              -91.2287575,
              14.6513543
            ],
            [
              -91.2284732,
              14.6512921
            ],
            [
              -91.2275876,
              14.6515289
            ],
            [
              -91.2268616,
              14.6516236
            ],
            [
              -91.22645,
              14.6516074
            ],
            [
              -91.2264225,
              14.6517525
            ],
            [
              -91.2265048,
              14.6518781
            ],
            [
              -91.2264173,
              14.652376
            ],
            [
              -91.2267393,
              14.6525303
            ],
            [
              -91.2266882,
              14.652889
            ],
            [
              -91.2273832,
              14.6528554
            ],
            [
              -91.2276544,
              14.6528267
            ],
            [
              -91.2277123,
              14.652722
            ],
            [
              -91.2279114,
              14.6527039
            ],
            [
              -91.2285073,
              14.6529067
            ],
            [
              -91.2287703,
              14.6535214
            ],
            [
              -91.2291301,
              14.6531329
            ],
            [
              -91.22975,
              14.65325
            ],
            [
              -91.2297462,
              14.6537313
            ],
            [
              -91.2293449,
              14.6538795
            ],
            [
              -91.2289933,
              14.6537287
            ],
            [
              -91.2290892,
              14.6545315
            ],
            [
              -91.228752,
              14.6545699
            ],
            [
              -91.2277879,
              14.6544749
            ],
            [
              -91.2285569,
              14.6550657
            ],
            [
              -91.2288599,
              14.6554803
            ],
            [
              -91.2284499,
              14.6563449
            ],
            [
              -91.2282935,
              14.6567804
            ],
            [
              -91.2278965,
              14.6572111
            ],
            [
              -91.2278724,
              14.6574084
            ],
            [
              -91.2277275,
              14.6573902
            ],
            [
              -91.2277731,
              14.6575952
            ],
            [
              -91.2278536,
              14.6576627
            ],
            [
              -91.2278429,
              14.6578858
            ],
            [
              -91.2276739,
              14.6582361
            ],
            [
              -91.2273292,
              14.6586111
            ],
            [
              -91.2271951,
              14.6586448
            ],
            [
              -91.2272142,
              14.6587699
            ],
            [
              -91.2271823,
              14.6588224
            ],
            [
              -91.2269643,
              14.6588794
            ],
            [
              -91.2269121,
              14.6596114
            ],
            [
              -91.2270436,
              14.6598657
            ],
            [
              -91.2272555,
              14.6599955
            ],
            [
              -91.2271133,
              14.6605689
            ],
            [
              -91.2271894,
              14.6610598
            ],
            [
              -91.2273571,
              14.6615666
            ],
            [
              -91.2274612,
              14.6616627
            ],
            [
              -91.2274629,
              14.6617755
            ],
            [
              -91.2273734,
              14.66177
            ],
            [
              -91.2266434,
              14.6611767
            ],
            [
              -91.2251588,
              14.6589317
            ],
            [
              -91.224,
              14.6575
            ],
            [
              -91.223458,
              14.6571529
            ],
            [
              -91.2230442,
              14.6571296
            ],
            [
              -91.2221443,
              14.6574125
            ],
            [
              -91.2215925,
              14.657962
            ],
            [
              -91.2210015,
              14.6581547
            ],
            [
              -91.2210481,
              14.6586876
            ],
            [
              -91.2212101,
              14.6613989
            ],
            [
              -91.2204702,
              14.6623165
            ],
            [
              -91.2199044,
              14.6624802
            ],
            [
              -91.2196815,
              14.6624914
            ],
            [
              -91.2194031,
              14.6624855
            ],
            [
              -91.2191098,
              14.6623946
            ],
            [
              -91.2189899,
              14.6622358
            ],
            [
              -91.2187859,
              14.6620916
            ],
            [
              -91.2185595,
              14.6621164
            ],
            [
              -91.218512,
              14.6620899
            ],
            [
              -91.2184362,
              14.6620265
            ],
            [
              -91.2184211,
              14.6620794
            ],
            [
              -91.2183621,
              14.6620962
            ],
            [
              -91.2182957,
              14.6622065
            ],
            [
              -91.2185812,
              14.6622893
            ],
            [
              -91.2186019,
              14.6624042
            ],
            [
              -91.2187604,
              14.6624682
            ],
            [
              -91.2188423,
              14.6624827
            ],
            [
              -91.2188665,
              14.6625688
            ],
            [
              -91.2187914,
              14.6626202
            ],
            [
              -91.2187585,
              14.6626907
            ],
            [
              -91.2187294,
              14.6627289
            ],
            [
              -91.2188955,
              14.662814
            ],
            [
              -91.2190089,
              14.6628011
            ],
            [
              -91.2192491,
              14.6628947
            ],
            [
              -91.2194544,
              14.6628358
            ],
            [
              -91.2195651,
              14.662866
            ],
            [
              -91.2198037,
              14.6628825
            ],
            [
              -91.2198132,
              14.6628214
            ],
            [
              -91.2198968,
              14.6628177
            ],
            [
              -91.2199777,
              14.6628903
            ],
            [
              -91.2201617,
              14.6629822
            ],
            [
              -91.2202856,
              14.6630495
            ],
            [
              -91.2203408,
              14.6630959
            ],
            [
              -91.220369,
              14.6631138
            ],
            [
              -91.2204294,
              14.6631151
            ],
            [
              -91.2204945,
              14.6630675
            ],
            [
              -91.2207476,
              14.6631519
            ],
            [
              -91.2210542,
              14.6634648
            ],
            [
              -91.2210596,
              14.6636958
            ],
            [
              -91.2216121,
              14.6640928
            ],
            [
              -91.2217945,
              14.6641784
            ],
            [
              -91.2219086,
              14.6643858
            ],
            [
              -91.2217854,
              14.6644231
            ],
            [
              -91.2209399,
              14.664285
            ],
            [
              -91.2204325,
              14.6641311
            ],
            [
              -91.2198835,
              14.6638098
            ],
            [
              -91.2197061,
              14.6637537
            ],
            [
              -91.2194691,
              14.6636774
            ],
            [
              -91.219329,
              14.6635794
            ],
            [
              -91.2191875,
              14.6635816
            ],
            [
              -91.2190483,
              14.6634908
            ],
            [
              -91.2188749,
              14.6633965
            ],
            [
              -91.2186648,
              14.6632989
            ],
            [
              -91.2184331,
              14.6631763
            ],
            [
              -91.2159156,
              14.6627255
            ],
            [
              -91.2152419,
              14.6629147
            ],
            [
              -91.2144694,
              14.6628239
            ],
            [
              -91.2139837,
              14.6628938
            ],
            [
              -91.2132274,
              14.6633173
            ],
            [
              -91.213115,
              14.6635162
            ],
            [
              -91.2130506,
              14.6636135
            ],
            [
              -91.2128232,
              14.6639275
            ],
            [
              -91.2127375,
              14.6640679
            ],
            [
              -91.2127137,
              14.6641331
            ],
            [
              -91.2127186,
              14.6641677
            ],
            [
              -91.2127334,
              14.664197
            ],
            [
              -91.2127644,
              14.6642182
            ],
            [
              -91.2128092,
              14.6642216
            ],
            [
              -91.2128559,
              14.6642217
            ],
            [
              -91.2129096,
              14.6642166
            ],
            [
              -91.2129595,
              14.6642184
            ],
            [
              -91.2130258,
              14.6642208
            ],
            [
              -91.2133481,
              14.6642278
            ],
            [
              -91.214,
              14.6645
            ],
            [
              -91.2145,
              14.6645
            ],
            [
              -91.2161452,
              14.6639799
            ],
            [
              -91.2166291,
              14.6639983
            ],
            [
              -91.2170104,
              14.6641908
            ],
            [
              -91.2171727,
              14.6648105
            ],
            [
              -91.21675,
              14.665
            ],
            [
              -91.2157212,
              14.6658379
            ],
            [
              -91.215,
              14.666
            ],
            [
              -91.21325,
              14.666
            ],
            [
              -91.2121867,
              14.6658179
            ],
            [
              -91.2095,
              14.6675
            ],
            [
              -91.2088873,
              14.6673701
            ],
            [
              -91.2084336,
              14.6669459
            ],
            [
              -91.2084383,
              14.6666958
            ],
            [
              -91.2105,
              14.66575
            ],
            [
              -91.2115,
              14.66425
            ],
            [
              -91.211,
              14.664
            ],
            [
              -91.21,
              14.664
            ],
            [
              -91.20825,
              14.66275
            ],
            [
              -91.20775,
              14.66275
            ],
            [
              -91.2065,
              14.663
            ],
            [
              -91.2058867,
              14.6636648
            ],
            [
              -91.2066648,
              14.6646841
            ],
            [
              -91.2059718,
              14.6651483
            ],
            [
              -91.205948,
              14.6655692
            ],
            [
              -91.2061197,
              14.6657094
            ],
            [
              -91.2063121,
              14.6661029
            ],
            [
              -91.2061411,
              14.6664463
            ],
            [
              -91.2056695,
              14.6667915
            ],
            [
              -91.2052801,
              14.6668218
            ],
            [
              -91.204632,
              14.6660925
            ],
            [
              -91.2035891,
              14.6655363
            ],
            [
              -91.2026781,
              14.6654783
            ],
            [
              -91.2016889,
              14.6658746
            ],
            [
              -91.2010288,
              14.6654706
            ],
            [
              -91.2008089,
              14.6651852
            ],
            [
              -91.2007552,
              14.6647337
            ],
            [
              -91.1998906,
              14.6645052
            ],
            [
              -91.1993208,
              14.6649801
            ],
            [
              -91.1991513,
              14.6656211
            ],
            [
              -91.1984281,
              14.6656419
            ],
            [
              -91.1982704,
              14.6658348
            ],
            [
              -91.1989367,
              14.666493
            ],
            [
              -91.1992565,
              14.6672189
            ],
            [
              -91.19925,
              14.6675
            ],
            [
              -91.19875,
              14.6685
            ],
            [
              -91.19925,
              14.66875
            ],
            [
              -91.1995,
              14.66925
            ],
            [
              -91.19925,
              14.67075
            ],
            [
              -91.199,
              14.671
            ],
            [
              -91.1975424,
              14.6720778
            ],
            [
              -91.195394,
              14.6726639
            ],
            [
              -91.1933495,
              14.67143
            ],
            [
              -91.1932288,
              14.6727459
            ],
            [
              -91.1925,
              14.673
            ],
            [
              -91.19225,
              14.67275
            ],
            [
              -91.1915,
              14.67225
            ],
            [
              -91.1906442,
              14.6718339
            ],
            [
              -91.1890486,
              14.6720486
            ],
            [
              -91.18875,
              14.67175
            ],
            [
              -91.18825,
              14.672
            ],
            [
              -91.1875,
              14.673
            ],
            [
              -91.1845,
              14.67425
            ],
            [
              -91.18375,
              14.674
            ],
            [
              -91.1815,
              14.6725
            ],
            [
              -91.1805593,
              14.6731283
            ],
            [
              -91.1804252,
              14.673079
            ],
            [
              -91.1803581,
              14.6730141
            ],
            [
              -91.1803447,
              14.6728403
            ],
            [
              -91.1800282,
              14.6726094
            ],
            [
              -91.1798324,
              14.6728351
            ],
            [
              -91.1798083,
              14.6729337
            ],
            [
              -91.1797922,
              14.6730738
            ],
            [
              -91.1797037,
              14.6731776
            ],
            [
              -91.1796178,
              14.6732451
            ],
            [
              -91.1795,
              14.673
            ],
            [
              -91.1794925,
              14.6729074
            ],
            [
              -91.1794536,
              14.6727998
            ],
            [
              -91.1794321,
              14.6727271
            ],
            [
              -91.1793771,
              14.6727219
            ],
            [
              -91.1793838,
              14.6726298
            ],
            [
              -91.1794039,
              14.6726324
            ],
            [
              -91.1794348,
              14.6723625
            ],
            [
              -91.1793932,
              14.672358
            ],
            [
              -91.1793235,
              14.6723496
            ],
            [
              -91.179239,
              14.6723548
            ],
            [
              -91.179135,
              14.6723619
            ],
            [
              -91.179005,
              14.6724855
            ],
            [
              -91.1789278,
              14.672585
            ],
            [
              -91.1788957,
              14.672705
            ],
            [
              -91.1788004,
              14.6728075
            ],
            [
              -91.1787763,
              14.6728984
            ],
            [
              -91.1787495,
              14.6729918
            ],
            [
              -91.1787535,
              14.6730592
            ],
            [
              -91.1787589,
              14.67315
            ],
            [
              -91.1787978,
              14.6732097
            ],
            [
              -91.1788232,
              14.6733057
            ],
            [
              -91.1788675,
              14.6734601
            ],
            [
              -91.1788514,
              14.6735963
            ],
            [
              -91.1779167,
              14.6739142
            ],
            [
              -91.1777437,
              14.6733862
            ],
            [
              -91.1774097,
              14.6733511
            ],
            [
              -91.1771817,
              14.6736288
            ],
            [
              -91.1770259,
              14.673414
            ],
            [
              -91.1770449,
              14.6730433
            ],
            [
              -91.1770785,
              14.6730317
            ],
            [
              -91.1770765,
              14.6729013
            ],
            [
              -91.1770905,
              14.6728189
            ],
            [
              -91.177165,
              14.6727852
            ],
            [
              -91.1773185,
              14.6727508
            ],
            [
              -91.1773044,
              14.6727008
            ],
            [
              -91.1772709,
              14.6726347
            ],
            [
              -91.1768984,
              14.6725503
            ],
            [
              -91.1767811,
              14.672587
            ],
            [
              -91.176711,
              14.6725802
            ],
            [
              -91.176,
              14.672
            ],
            [
              -91.1759543,
              14.6719824
            ],
            [
              -91.1759073,
              14.6719694
            ],
            [
              -91.1758051,
              14.6719753
            ],
            [
              -91.1757286,
              14.6719999
            ],
            [
              -91.1756445,
              14.6720116
            ],
            [
              -91.1756069,
              14.6720411
            ],
            [
              -91.1755204,
              14.6720813
            ],
            [
              -91.1755064,
              14.6721057
            ],
            [
              -91.175505,
              14.6721413
            ],
            [
              -91.1755124,
              14.6721816
            ],
            [
              -91.1755332,
              14.6722438
            ],
            [
              -91.1755218,
              14.6723016
            ],
            [
              -91.1754815,
              14.6723963
            ],
            [
              -91.1754628,
              14.672491
            ],
            [
              -91.1754279,
              14.6725935
            ],
            [
              -91.1753461,
              14.6727505
            ],
            [
              -91.1753038,
              14.6729042
            ],
            [
              -91.1752901,
              14.6730034
            ],
            [
              -91.1752824,
              14.6730913
            ],
            [
              -91.1752923,
              14.6731036
            ],
            [
              -91.1752163,
              14.673222
            ],
            [
              -91.1752244,
              14.6732765
            ],
            [
              -91.1751774,
              14.6733829
            ],
            [
              -91.1751184,
              14.6734591
            ],
            [
              -91.1749924,
              14.6735824
            ],
            [
              -91.1748422,
              14.6736972
            ],
            [
              -91.1747148,
              14.6737789
            ],
            [
              -91.1746638,
              14.6737634
            ],
            [
              -91.1745979,
              14.6737393
            ],
            [
              -91.1744543,
              14.6738172
            ],
            [
              -91.1743664,
              14.6739236
            ],
            [
              -91.1743148,
              14.6739385
            ],
            [
              -91.1742611,
              14.6739671
            ],
            [
              -91.1740358,
              14.6740189
            ],
            [
              -91.174,
              14.674
            ],
            [
              -91.1739671,
              14.6738302
            ],
            [
              -91.1739788,
              14.6737079
            ],
            [
              -91.1739473,
              14.673667
            ],
            [
              -91.1739044,
              14.6736353
            ],
            [
              -91.1738469,
              14.673617
            ],
            [
              -91.1737023,
              14.673593
            ],
            [
              -91.1735469,
              14.6735919
            ],
            [
              -91.1732761,
              14.673618
            ],
            [
              -91.1731833,
              14.6736118
            ],
            [
              -91.1728282,
              14.673831
            ],
            [
              -91.1723693,
              14.6741121
            ],
            [
              -91.1723049,
              14.6742133
            ],
            [
              -91.1720608,
              14.6743975
            ],
            [
              -91.1718168,
              14.6747945
            ],
            [
              -91.1717953,
              14.6749553
            ],
            [
              -91.1717363,
              14.6750747
            ],
            [
              -91.1716773,
              14.6750955
            ],
            [
              -91.1715593,
              14.6750514
            ],
            [
              -91.1714117,
              14.6749502
            ],
            [
              -91.1713313,
              14.6752252
            ],
            [
              -91.1712508,
              14.6754276
            ],
            [
              -91.171165,
              14.6754639
            ],
            [
              -91.1710121,
              14.6754639
            ],
            [
              -91.1709343,
              14.6753913
            ],
            [
              -91.170819,
              14.6752278
            ],
            [
              -91.1707626,
              14.6750721
            ],
            [
              -91.1705963,
              14.6747556
            ],
            [
              -91.1704837,
              14.6744987
            ],
            [
              -91.1703603,
              14.6741588
            ],
            [
              -91.1703442,
              14.6740394
            ],
            [
              -91.1703094,
              14.6739719
            ],
            [
              -91.1702155,
              14.6739408
            ],
            [
              -91.1700706,
              14.6739408
            ],
            [
              -91.1699526,
              14.673946
            ],
            [
              -91.1699204,
              14.6740187
            ],
            [
              -91.17,
              14.67475
            ],
            [
              -91.16975,
              14.67525
            ],
            [
              -91.169,
              14.67575
            ],
            [
              -91.1680001,
              14.6760573
            ],
            [
              -91.1677614,
              14.6758497
            ],
            [
              -91.1676943,
              14.6757303
            ],
            [
              -91.1675951,
              14.6757692
            ],
            [
              -91.1673805,
              14.676174
            ],
            [
              -91.16675,
              14.67625
            ],
            [
              -91.1665517,
              14.6762
            ],
            [
              -91.1664498,
              14.6762259
            ],
            [
              -91.1662164,
              14.6761091
            ],
            [
              -91.1662111,
              14.675995
            ],
            [
              -91.1660931,
              14.6759457
            ],
            [
              -91.1660153,
              14.6760287
            ],
            [
              -91.1656781,
              14.6757517
            ],
            [
              -91.1656559,
              14.6754631
            ],
            [
              -91.1651006,
              14.6746769
            ],
            [
              -91.16475,
              14.67325
            ],
            [
              -91.1641119,
              14.6724521
            ],
            [
              -91.1641216,
              14.6723183
            ],
            [
              -91.164355,
              14.6720614
            ],
            [
              -91.1642906,
              14.6718356
            ],
            [
              -91.1644462,
              14.6715321
            ],
            [
              -91.1648995,
              14.6707692
            ],
            [
              -91.1648673,
              14.6704786
            ],
            [
              -91.1650872,
              14.6702995
            ],
            [
              -91.1650385,
              14.6696471
            ],
            [
              -91.1648798,
              14.6691564
            ],
            [
              -91.1649412,
              14.6687167
            ],
            [
              -91.165122,
              14.6682603
            ],
            [
              -91.1649669,
              14.6680924
            ],
            [
              -91.1647142,
              14.6681866
            ],
            [
              -91.1644399,
              14.66815
            ],
            [
              -91.1641788,
              14.6679711
            ],
            [
              -91.1640068,
              14.6676158
            ],
            [
              -91.1638607,
              14.6673207
            ],
            [
              -91.1638484,
              14.6669619
            ],
            [
              -91.1638462,
              14.6667481
            ],
            [
              -91.1636698,
              14.6665716
            ],
            [
              -91.1634258,
              14.6661668
            ],
            [
              -91.1632743,
              14.6659389
            ],
            [
              -91.1630576,
              14.6657513
            ],
            [
              -91.1628627,
              14.6656169
            ],
            [
              -91.1626931,
              14.6655959
            ],
            [
              -91.1625145,
              14.6657426
            ],
            [
              -91.1621824,
              14.6660778
            ],
            [
              -91.1617439,
              14.6665613
            ],
            [
              -91.1610311,
              14.6670275
            ],
            [
              -91.1606377,
              14.6671619
            ],
            [
              -91.16025,
              14.66725
            ],
            [
              -91.1598852,
              14.6673155
            ],
            [
              -91.1597102,
              14.6672981
            ],
            [
              -91.1596849,
              14.6669349
            ],
            [
              -91.1599306,
              14.666654
            ],
            [
              -91.160035,
              14.6665421
            ],
            [
              -91.1600543,
              14.6663429
            ],
            [
              -91.1602407,
              14.6661685
            ],
            [
              -91.1602853,
              14.6659302
            ],
            [
              -91.1602678,
              14.6658369
            ],
            [
              -91.1605746,
              14.6656239
            ],
            [
              -91.1607769,
              14.6653827
            ],
            [
              -91.1604577,
              14.6648897
            ],
            [
              -91.1602533,
              14.6647946
            ],
            [
              -91.1602118,
              14.6647353
            ],
            [
              -91.1601866,
              14.6645781
            ],
            [
              -91.1601742,
              14.6644525
            ],
            [
              -91.1600711,
              14.6641958
            ],
            [
              -91.1598276,
              14.6639846
            ],
            [
              -91.159656,
              14.6639514
            ],
            [
              -91.1595,
              14.664
            ],
            [
              -91.1592085,
              14.6642336
            ],
            [
              -91.1589669,
              14.6640901
            ],
            [
              -91.1588172,
              14.6641545
            ],
            [
              -91.1583159,
              14.6649487
            ],
            [
              -91.1581364,
              14.6649658
            ],
            [
              -91.1580116,
              14.6651335
            ],
            [
              -91.1579513,
              14.6653243
            ],
            [
              -91.1577851,
              14.6653047
            ],
            [
              -91.1577264,
              14.6650252
            ],
            [
              -91.15925,
              14.6625
            ],
            [
              -91.15925,
              14.662
            ],
            [
              -91.15925,
              14.6615
            ],
            [
              -91.15875,
              14.661
            ],
            [
              -91.158,
              14.6615
            ],
            [
              -91.1575,
              14.6615
            ],
            [
              -91.154774,
              14.6634876
            ],
            [
              -91.1545566,
              14.6635747
            ],
            [
              -91.1544073,
              14.6637312
            ],
            [
              -91.1543428,
              14.6638826
            ],
            [
              -91.1543524,
              14.6640871
            ],
            [
              -91.1544598,
              14.6642056
            ],
            [
              -91.1546538,
              14.6640884
            ],
            [
              -91.1548491,
              14.664178
            ],
            [
              -91.1548875,
              14.6644132
            ],
            [
              -91.1547699,
              14.6649934
            ],
            [
              -91.1546228,
              14.6651906
            ],
            [
              -91.1544931,
              14.6659141
            ],
            [
              -91.15437,
              14.6659753
            ],
            [
              -91.1525,
              14.6675
            ],
            [
              -91.1521106,
              14.6672908
            ],
            [
              -91.152311,
              14.6670308
            ],
            [
              -91.1520836,
              14.6663255
            ],
            [
              -91.152498,
              14.6663786
            ],
            [
              -91.1527143,
              14.6660682
            ],
            [
              -91.1525641,
              14.6657863
            ],
            [
              -91.15081,
              14.6646835
            ],
            [
              -91.1505412,
              14.6646463
            ],
            [
              -91.1503779,
              14.6646557
            ],
            [
              -91.1502938,
              14.6645748
            ],
            [
              -91.1503278,
              14.6644537
            ],
            [
              -91.151,
              14.6635
            ],
            [
              -91.1518117,
              14.6624741
            ],
            [
              -91.1523948,
              14.6623599
            ],
            [
              -91.1527437,
              14.6624788
            ],
            [
              -91.1532715,
              14.6624325
            ],
            [
              -91.1534711,
              14.6619533
            ],
            [
              -91.1534437,
              14.6615208
            ],
            [
              -91.1531273,
              14.6613915
            ],
            [
              -91.1528966,
              14.6610464
            ],
            [
              -91.1527893,
              14.6609789
            ],
            [
              -91.1525694,
              14.6609115
            ],
            [
              -91.1524308,
              14.6607456
            ],
            [
              -91.1523226,
              14.6603017
            ],
            [
              -91.1525559,
              14.6600578
            ],
            [
              -91.152615,
              14.6596037
            ],
            [
              -91.153,
              14.65875
            ],
            [
              -91.1529941,
              14.6584637
            ],
            [
              -91.1528,
              14.6583737
            ],
            [
              -91.1527826,
              14.6583192
            ],
            [
              -91.1528483,
              14.6582465
            ],
            [
              -91.1528429,
              14.6580882
            ],
            [
              -91.1524141,
              14.6578026
            ],
            [
              -91.1520402,
              14.6580139
            ],
            [
              -91.1511424,
              14.6586098
            ],
            [
              -91.1504544,
              14.6589118
            ],
            [
              -91.1502922,
              14.6589238
            ],
            [
              -91.1501755,
              14.6589549
            ],
            [
              -91.1500186,
              14.6589627
            ],
            [
              -91.1500078,
              14.6589212
            ],
            [
              -91.1501125,
              14.6587811
            ],
            [
              -91.1504496,
              14.6585113
            ],
            [
              -91.1517259,
              14.6578599
            ],
            [
              -91.1522153,
              14.6573539
            ],
            [
              -91.1523119,
              14.6569439
            ],
            [
              -91.15275,
              14.65625
            ],
            [
              -91.1524929,
              14.6561215
            ],
            [
              -91.15125,
              14.6555
            ],
            [
              -91.14975,
              14.6555
            ],
            [
              -91.1485,
              14.65475
            ],
            [
              -91.14825,
              14.655
            ],
            [
              -91.1475644,
              14.6554468
            ],
            [
              -91.1469904,
              14.655431
            ],
            [
              -91.1469314,
              14.6550703
            ],
            [
              -91.1466926,
              14.6550314
            ],
            [
              -91.1466149,
              14.6550885
            ],
            [
              -91.146588,
              14.6552079
            ],
            [
              -91.146352,
              14.6552624
            ],
            [
              -91.1460945,
              14.655047
            ],
            [
              -91.1461133,
              14.6548913
            ],
            [
              -91.1459121,
              14.6547979
            ],
            [
              -91.1458075,
              14.6548653
            ],
            [
              -91.1454783,
              14.6547557
            ],
            [
              -91.1452885,
              14.6548504
            ],
            [
              -91.1451591,
              14.6547972
            ],
            [
              -91.1450914,
              14.6547064
            ],
            [
              -91.1451416,
              14.6545831
            ],
            [
              -91.1451041,
              14.6545721
            ],
            [
              -91.1450444,
              14.6546616
            ],
            [
              -91.1450196,
              14.6546675
            ],
            [
              -91.1449988,
              14.6546486
            ],
            [
              -91.1450511,
              14.6545539
            ],
            [
              -91.1449827,
              14.6545007
            ],
            [
              -91.1449257,
              14.6544897
            ],
            [
              -91.144854,
              14.6545877
            ],
            [
              -91.1447212,
              14.6546428
            ],
            [
              -91.144622,
              14.654622
            ],
            [
              -91.144571,
              14.6545896
            ],
            [
              -91.1445174,
              14.6545416
            ],
            [
              -91.1444919,
              14.6544372
            ],
            [
              -91.1445482,
              14.6543029
            ],
            [
              -91.1445227,
              14.6542964
            ],
            [
              -91.144402,
              14.6543619
            ],
            [
              -91.1443625,
              14.6543613
            ],
            [
              -91.144343,
              14.6543424
            ],
            [
              -91.1444188,
              14.6542464
            ],
            [
              -91.1443833,
              14.65419
            ],
            [
              -91.1444255,
              14.6541355
            ],
            [
              -91.1444114,
              14.6540667
            ],
            [
              -91.1443558,
              14.6539791
            ],
            [
              -91.1440647,
              14.6538708
            ],
            [
              -91.1438991,
              14.6538689
            ],
            [
              -91.14383,
              14.6538209
            ],
            [
              -91.1438039,
              14.6537145
            ],
            [
              -91.1438294,
              14.6535996
            ],
            [
              -91.1437429,
              14.6533148
            ],
            [
              -91.1437925,
              14.6532033
            ],
            [
              -91.1438636,
              14.6531429
            ],
            [
              -91.1439011,
              14.6530839
            ],
            [
              -91.1438093,
              14.6530015
            ],
            [
              -91.14383,
              14.6529866
            ],
            [
              -91.1439407,
              14.6530456
            ],
            [
              -91.1439803,
              14.6530041
            ],
            [
              -91.1440198,
              14.6529152
            ],
            [
              -91.1441184,
              14.6528841
            ],
            [
              -91.1441935,
              14.6528341
            ],
            [
              -91.144288,
              14.6526687
            ],
            [
              -91.145006,
              14.6515361
            ],
            [
              -91.1450978,
              14.6513797
            ],
            [
              -91.1451383,
              14.651089
            ],
            [
              -91.145,
              14.651
            ],
            [
              -91.1445603,
              14.6511908
            ],
            [
              -91.1438695,
              14.6518862
            ],
            [
              -91.1434847,
              14.6519953
            ],
            [
              -91.1430086,
              14.6519837
            ],
            [
              -91.1426774,
              14.6520005
            ],
            [
              -91.142444,
              14.6518188
            ],
            [
              -91.1423126,
              14.6518318
            ],
            [
              -91.1419692,
              14.6513066
            ],
            [
              -91.141929,
              14.650908
            ],
            [
              -91.1419503,
              14.6505306
            ],
            [
              -91.1425282,
              14.6499349
            ],
            [
              -91.1423382,
              14.6496949
            ],
            [
              -91.1421739,
              14.6496729
            ],
            [
              -91.1421261,
              14.6496547
            ],
            [
              -91.1418495,
              14.6495491
            ],
            [
              -91.1416103,
              14.6494579
            ],
            [
              -91.1416574,
              14.6489978
            ],
            [
              -91.1428034,
              14.6472049
            ],
            [
              -91.1427436,
              14.6470432
            ],
            [
              -91.1424869,
              14.6468442
            ],
            [
              -91.1422858,
              14.6465613
            ],
            [
              -91.1422321,
              14.6463096
            ],
            [
              -91.1423208,
              14.6459836
            ],
            [
              -91.1423689,
              14.6458555
            ],
            [
              -91.1422589,
              14.6457517
            ],
            [
              -91.1418632,
              14.645801
            ],
            [
              -91.1417468,
              14.645801
            ],
            [
              -91.141,
              14.6455
            ],
            [
              -91.1395,
              14.6445
            ],
            [
              -91.1392037,
              14.6438787
            ],
            [
              -91.1395027,
              14.6435478
            ],
            [
              -91.1394357,
              14.6435102
            ],
            [
              -91.1394276,
              14.6434609
            ],
            [
              -91.139378,
              14.643396
            ],
            [
              -91.1392654,
              14.6433545
            ],
            [
              -91.1391963,
              14.6433599
            ],
            [
              -91.1391648,
              14.6432935
            ],
            [
              -91.1393217,
              14.6431819
            ],
            [
              -91.1393539,
              14.6432221
            ],
            [
              -91.1393767,
              14.6432727
            ],
            [
              -91.1394183,
              14.6432857
            ],
            [
              -91.1394531,
              14.6432948
            ],
            [
              -91.1394987,
              14.6433155
            ],
            [
              -91.1395591,
              14.6433402
            ],
            [
              -91.139598,
              14.6433596
            ],
            [
              -91.1396302,
              14.6433908
            ],
            [
              -91.1396771,
              14.643409
            ],
            [
              -91.1397026,
              14.6434128
            ],
            [
              -91.1397616,
              14.6434193
            ],
            [
              -91.1398327,
              14.6434193
            ],
            [
              -91.139885,
              14.6434258
            ],
            [
              -91.1399413,
              14.6434349
            ],
            [
              -91.1399855,
              14.643431
            ],
            [
              -91.140007,
              14.6434167
            ],
            [
              -91.1400486,
              14.6433674
            ],
            [
              -91.1400526,
              14.6433493
            ],
            [
              -91.1400311,
              14.6433077
            ],
            [
              -91.1400365,
              14.6432805
            ],
            [
              -91.1400848,
              14.6432701
            ],
            [
              -91.1401331,
              14.6432974
            ],
            [
              -91.1401773,
              14.6432948
            ],
            [
              -91.1402363,
              14.6432831
            ],
            [
              -91.1403383,
              14.6432442
            ],
            [
              -91.1404067,
              14.6432156
            ],
            [
              -91.1404348,
              14.6431884
            ],
            [
              -91.1404402,
              14.6431585
            ],
            [
              -91.1404321,
              14.6431079
            ],
            [
              -91.1404254,
              14.6430703
            ],
            [
              -91.1405059,
              14.6429873
            ],
            [
              -91.1405703,
              14.64296
            ],
            [
              -91.1406467,
              14.6429535
            ],
            [
              -91.1407071,
              14.6429717
            ],
            [
              -91.1407714,
              14.6429847
            ],
            [
              -91.1408291,
              14.6430028
            ],
            [
              -91.1408774,
              14.6430443
            ],
            [
              -91.1409002,
              14.6430885
            ],
            [
              -91.1409176,
              14.6431417
            ],
            [
              -91.1409431,
              14.643152
            ],
            [
              -91.1409646,
              14.643152
            ],
            [
              -91.1410008,
              14.6431494
            ],
            [
              -91.1410423,
              14.6431391
            ],
            [
              -91.1410772,
              14.6431196
            ],
            [
              -91.1411121,
              14.6430975
            ],
            [
              -91.1411456,
              14.6430638
            ],
            [
              -91.1411872,
              14.643056
            ],
            [
              -91.1412086,
              14.643056
            ],
            [
              -91.1412113,
              14.6430184
            ],
            [
              -91.1412073,
              14.6429795
            ],
            [
              -91.1411979,
              14.6429438
            ],
            [
              -91.1412086,
              14.6429165
            ],
            [
              -91.1412368,
              14.6428893
            ],
            [
              -91.1412609,
              14.6428809
            ],
            [
              -91.1412992,
              14.6428822
            ],
            [
              -91.141332,
              14.6428809
            ],
            [
              -91.1413642,
              14.6428919
            ],
            [
              -91.1413756,
              14.642901
            ],
            [
              -91.1413944,
              14.6429315
            ],
            [
              -91.1414111,
              14.6429613
            ],
            [
              -91.1414286,
              14.6429762
            ],
            [
              -91.1414581,
              14.6429743
            ],
            [
              -91.1414916,
              14.6429678
            ],
            [
              -91.1415191,
              14.642973
            ],
            [
              -91.1415439,
              14.6429886
            ],
            [
              -91.1415969,
              14.6430048
            ],
            [
              -91.141672,
              14.6430385
            ],
            [
              -91.1417189,
              14.6430632
            ],
            [
              -91.1418001,
              14.6430859
            ],
            [
              -91.1419791,
              14.6430846
            ],
            [
              -91.1420482,
              14.6430833
            ],
            [
              -91.142085,
              14.6430761
            ],
            [
              -91.1421286,
              14.6430632
            ],
            [
              -91.1422024,
              14.6430398
            ],
            [
              -91.1422614,
              14.6429983
            ],
            [
              -91.1423057,
              14.642962
            ],
            [
              -91.1423499,
              14.6429126
            ],
            [
              -91.1423834,
              14.6428646
            ],
            [
              -91.142417,
              14.6427907
            ],
            [
              -91.1424746,
              14.6426544
            ],
            [
              -91.1425055,
              14.6425338
            ],
            [
              -91.1425162,
              14.6424377
            ],
            [
              -91.1424451,
              14.6422898
            ],
            [
              -91.142417,
              14.6422211
            ],
            [
              -91.1424156,
              14.6421769
            ],
            [
              -91.1424545,
              14.6421276
            ],
            [
              -91.1424907,
              14.6421043
            ],
            [
              -91.1425283,
              14.6420952
            ],
            [
              -91.1426222,
              14.6420965
            ],
            [
              -91.1426906,
              14.6420783
            ],
            [
              -91.142759,
              14.6420316
            ],
            [
              -91.1428086,
              14.641981
            ],
            [
              -91.1428408,
              14.6419291
            ],
            [
              -91.1428622,
              14.6418642
            ],
            [
              -91.1428542,
              14.6418019
            ],
            [
              -91.1428247,
              14.6417474
            ],
            [
              -91.1427791,
              14.6416177
            ],
            [
              -91.1427479,
              14.6415275
            ],
            [
              -91.1427892,
              14.641445
            ],
            [
              -91.1428324,
              14.6414094
            ],
            [
              -91.1428351,
              14.641342
            ],
            [
              -91.1428874,
              14.6412446
            ],
            [
              -91.1429169,
              14.6412369
            ],
            [
              -91.1429276,
              14.6411655
            ],
            [
              -91.1429397,
              14.6410889
            ],
            [
              -91.1429786,
              14.641037
            ],
            [
              -91.1430014,
              14.6410124
            ],
            [
              -91.142992,
              14.6409683
            ],
            [
              -91.1430094,
              14.6409177
            ],
            [
              -91.1430429,
              14.6408632
            ],
            [
              -91.1430657,
              14.6408346
            ],
            [
              -91.143055,
              14.6407827
            ],
            [
              -91.1430979,
              14.6407827
            ],
            [
              -91.1431274,
              14.6407568
            ],
            [
              -91.1431274,
              14.6407049
            ],
            [
              -91.1431703,
              14.6406685
            ],
            [
              -91.1432374,
              14.6405855
            ],
            [
              -91.1432562,
              14.6405102
            ],
            [
              -91.1432535,
              14.6404635
            ],
            [
              -91.1432428,
              14.640435
            ],
            [
              -91.1432562,
              14.640396
            ],
            [
              -91.143283,
              14.6403779
            ],
            [
              -91.1433232,
              14.6403364
            ],
            [
              -91.1433554,
              14.64023
            ],
            [
              -91.1433608,
              14.6401677
            ],
            [
              -91.1433795,
              14.640082
            ],
            [
              -91.1434097,
              14.6400249
            ],
            [
              -91.1434915,
              14.6399581
            ],
            [
              -91.1435505,
              14.6399127
            ],
            [
              -91.1438533,
              14.6397196
            ],
            [
              -91.1439012,
              14.6397194
            ],
            [
              -91.143977,
              14.6396739
            ],
            [
              -91.1439718,
              14.6396527
            ],
            [
              -91.1439897,
              14.6396357
            ],
            [
              -91.1441428,
              14.6395505
            ],
            [
              -91.1441809,
              14.6395358
            ],
            [
              -91.1442895,
              14.6395293
            ],
            [
              -91.144327,
              14.6394826
            ],
            [
              -91.1443458,
              14.639432
            ],
            [
              -91.1443413,
              14.6394121
            ],
            [
              -91.1443552,
              14.6393982
            ],
            [
              -91.1443726,
              14.63938
            ],
            [
              -91.1443632,
              14.639345
            ],
            [
              -91.1443565,
              14.6392853
            ],
            [
              -91.1443617,
              14.6392351
            ],
            [
              -91.1444005,
              14.6391894
            ],
            [
              -91.1444501,
              14.6391647
            ],
            [
              -91.1445239,
              14.6391453
            ],
            [
              -91.144599,
              14.6391362
            ],
            [
              -91.1446459,
              14.6391401
            ],
            [
              -91.1446761,
              14.6391485
            ],
            [
              -91.1447003,
              14.6391446
            ],
            [
              -91.1447505,
              14.6390927
            ],
            [
              -91.1447217,
              14.6390512
            ],
            [
              -91.1446915,
              14.6389928
            ],
            [
              -91.1446674,
              14.6389513
            ],
            [
              -91.1446368,
              14.6388999
            ],
            [
              -91.1446234,
              14.6388597
            ],
            [
              -91.1446218,
              14.6387813
            ],
            [
              -91.1446446,
              14.6387268
            ],
            [
              -91.1447573,
              14.6386983
            ],
            [
              -91.1447921,
              14.6386223
            ],
            [
              -91.14475,
              14.6385
            ],
            [
              -91.1446754,
              14.6384952
            ],
            [
              -91.1445762,
              14.6384576
            ],
            [
              -91.1445118,
              14.6384044
            ],
            [
              -91.1444273,
              14.6384251
            ],
            [
              -91.1442678,
              14.6384394
            ],
            [
              -91.1440988,
              14.6384018
            ],
            [
              -91.1440277,
              14.6384225
            ],
            [
              -91.1439459,
              14.6384524
            ],
            [
              -91.1438761,
              14.6384537
            ],
            [
              -91.1438721,
              14.6384939
            ],
            [
              -91.14373,
              14.6384783
            ],
            [
              -91.1437461,
              14.6384121
            ],
            [
              -91.1436938,
              14.6384173
            ],
            [
              -91.1436334,
              14.6384394
            ],
            [
              -91.1435637,
              14.638442
            ],
            [
              -91.1434416,
              14.6384822
            ],
            [
              -91.1433612,
              14.6385315
            ],
            [
              -91.1433089,
              14.6385847
            ],
            [
              -91.1430943,
              14.638682
            ],
            [
              -91.1429079,
              14.6387456
            ],
            [
              -91.1427429,
              14.638852
            ],
            [
              -91.1425806,
              14.6389428
            ],
            [
              -91.1424666,
              14.639009
            ],
            [
              -91.1423325,
              14.6390583
            ],
            [
              -91.1422494,
              14.6390947
            ],
            [
              -91.1420804,
              14.6391414
            ],
            [
              -91.1418792,
              14.6391492
            ],
            [
              -91.1417069,
              14.6390983
            ],
            [
              -91.1415963,
              14.6390661
            ],
            [
              -91.1414977,
              14.639057
            ],
            [
              -91.1413897,
              14.63902
            ],
            [
              -91.1412402,
              14.6390032
            ],
            [
              -91.1410223,
              14.6388455
            ],
            [
              -91.1408473,
              14.638682
            ],
            [
              -91.1406561,
              14.6385075
            ],
            [
              -91.1405583,
              14.6385257
            ],
            [
              -91.1404476,
              14.6384835
            ],
            [
              -91.1402915,
              14.6383077
            ],
            [
              -91.1402049,
              14.6382207
            ],
            [
              -91.1401908,
              14.6381877
            ],
            [
              -91.1401801,
              14.6381215
            ],
            [
              -91.1401392,
              14.6380073
            ],
            [
              -91.1400721,
              14.6379333
            ],
            [
              -91.1399789,
              14.6378899
            ],
            [
              -91.1399185,
              14.6378386
            ],
            [
              -91.1398267,
              14.6377835
            ],
            [
              -91.1397462,
              14.6377342
            ],
            [
              -91.1396376,
              14.6376005
            ],
            [
              -91.1396195,
              14.6375551
            ],
            [
              -91.1393269,
              14.6373573
            ],
            [
              -91.1392049,
              14.6371618
            ],
            [
              -91.1390882,
              14.6369604
            ],
            [
              -91.1389967,
              14.6365463
            ],
            [
              -91.1390227,
              14.636362
            ],
            [
              -91.1390535,
              14.6362688
            ],
            [
              -91.1392263,
              14.6359214
            ],
            [
              -91.1394948,
              14.6356466
            ],
            [
              -91.1396985,
              14.6352933
            ],
            [
              -91.1394138,
              14.6353053
            ],
            [
              -91.1392873,
              14.6351134
            ],
            [
              -91.13932,
              14.6349624
            ],
            [
              -91.1393358,
              14.6348806
            ],
            [
              -91.1393053,
              14.634735
            ],
            [
              -91.1392532,
              14.6346077
            ],
            [
              -91.1392476,
              14.634475
            ],
            [
              -91.1392111,
              14.6343467
            ],
            [
              -91.1392621,
              14.6341982
            ],
            [
              -91.1391964,
              14.6342346
            ],
            [
              -91.1391709,
              14.6342462
            ],
            [
              -91.1390274,
              14.6342268
            ],
            [
              -91.1389657,
              14.6341969
            ],
            [
              -91.1388517,
              14.6341009
            ],
            [
              -91.1387498,
              14.6340244
            ],
            [
              -91.1387069,
              14.633988
            ],
            [
              -91.1386465,
              14.6339828
            ],
            [
              -91.1384829,
              14.6339828
            ],
            [
              -91.1384051,
              14.6339906
            ],
            [
              -91.1383662,
              14.6340192
            ],
            [
              -91.1383099,
              14.634084
            ],
            [
              -91.1381329,
              14.6341995
            ],
            [
              -91.138098,
              14.6342346
            ],
            [
              -91.1381074,
              14.6342735
            ],
            [
              -91.1380744,
              14.6343495
            ],
            [
              -91.1381965,
              14.6344717
            ],
            [
              -91.1375307,
              14.6346744
            ],
            [
              -91.1374757,
              14.6347354
            ],
            [
              -91.1373336,
              14.6349229
            ],
            [
              -91.1372169,
              14.6350527
            ],
            [
              -91.137123,
              14.6350916
            ],
            [
              -91.1369849,
              14.6352668
            ],
            [
              -91.1368749,
              14.63532
            ],
            [
              -91.136608,
              14.6353953
            ],
            [
              -91.1365235,
              14.6354433
            ],
            [
              -91.1364283,
              14.6355276
            ],
            [
              -91.1363975,
              14.6356249
            ],
            [
              -91.1365195,
              14.6358767
            ],
            [
              -91.1365732,
              14.635996
            ],
            [
              -91.1366134,
              14.6360142
            ],
            [
              -91.1365195,
              14.6362452
            ],
            [
              -91.1365524,
              14.6364813
            ],
            [
              -91.1362573,
              14.6372599
            ],
            [
              -91.1359998,
              14.6375298
            ],
            [
              -91.1357263,
              14.6377997
            ],
            [
              -91.1354902,
              14.6381526
            ],
            [
              -91.1353925,
              14.6394417
            ],
            [
              -91.1351752,
              14.6398024
            ],
            [
              -91.13525,
              14.64025
            ],
            [
              -91.1355,
              14.64075
            ],
            [
              -91.13575,
              14.64175
            ],
            [
              -91.13475,
              14.644
            ],
            [
              -91.132,
              14.64575
            ],
            [
              -91.132,
              14.64625
            ],
            [
              -91.133589,
              14.6493874
            ],
            [
              -91.1340742,
              14.6494796
            ],
            [
              -91.1341589,
              14.6504388
            ],
            [
              -91.1348792,
              14.6511496
            ],
            [
              -91.1327714,
              14.6529283
            ],
            [
              -91.1296823,
              14.6533996
            ],
            [
              -91.1283813,
              14.6541231
            ],
            [
              -91.12825,
              14.655
            ],
            [
              -91.128,
              14.65525
            ],
            [
              -91.127106,
              14.6558323
            ],
            [
              -91.1264057,
              14.6568251
            ],
            [
              -91.1261208,
              14.6576457
            ],
            [
              -91.1270275,
              14.6586926
            ],
            [
              -91.127,
              14.659
            ],
            [
              -91.126572,
              14.6595287
            ],
            [
              -91.1272627,
              14.66058
            ],
            [
              -91.1270424,
              14.6608157
            ],
            [
              -91.1265424,
              14.6607009
            ],
            [
              -91.12625,
              14.66175
            ],
            [
              -91.1256356,
              14.66158
            ],
            [
              -91.1247617,
              14.6617122
            ],
            [
              -91.1235021,
              14.6613852
            ],
            [
              -91.1227648,
              14.6616314
            ],
            [
              -91.1224725,
              14.6611413
            ],
            [
              -91.122,
              14.66125
            ],
            [
              -91.1215636,
              14.6613488
            ],
            [
              -91.1205424,
              14.66025
            ],
            [
              -91.12,
              14.6605
            ],
            [
              -91.1191165,
              14.6604305
            ],
            [
              -91.11875,
              14.65975
            ],
            [
              -91.118,
              14.66
            ],
            [
              -91.1174369,
              14.6600831
            ],
            [
              -91.116815,
              14.6603825
            ],
            [
              -91.116464,
              14.6611895
            ],
            [
              -91.1161326,
              14.6627728
            ],
            [
              -91.1157999,
              14.6631403
            ],
            [
              -91.1162412,
              14.6639471
            ],
            [
              -91.1161913,
              14.6660985
            ],
            [
              -91.11575,
              14.66625
            ],
            [
              -91.1158826,
              14.6671097
            ],
            [
              -91.1166717,
              14.6677044
            ],
            [
              -91.116,
              14.66825
            ],
            [
              -91.11625,
              14.6685
            ],
            [
              -91.1163369,
              14.6689983
            ],
            [
              -91.1164229,
              14.669199
            ],
            [
              -91.1163313,
              14.6692339
            ],
            [
              -91.1162746,
              14.6692906
            ],
            [
              -91.1164142,
              14.6693037
            ],
            [
              -91.1165451,
              14.6694956
            ],
            [
              -91.1165451,
              14.6695611
            ],
            [
              -91.116641,
              14.6695785
            ],
            [
              -91.1170467,
              14.6700235
            ],
            [
              -91.1169638,
              14.6702634
            ],
            [
              -91.1170118,
              14.6703637
            ],
            [
              -91.1173259,
              14.6705251
            ],
            [
              -91.117199,
              14.6707762
            ],
            [
              -91.1172792,
              14.6709228
            ],
            [
              -91.1170289,
              14.6710215
            ],
            [
              -91.1169171,
              14.6712061
            ],
            [
              -91.1172084,
              14.6718054
            ],
            [
              -91.1166721,
              14.6723721
            ],
            [
              -91.1158705,
              14.6727282
            ],
            [
              -91.1156221,
              14.6731306
            ],
            [
              -91.1155668,
              14.6733148
            ],
            [
              -91.115555,
              14.6735866
            ],
            [
              -91.1154121,
              14.6736796
            ],
            [
              -91.1153978,
              14.6739757
            ],
            [
              -91.1154676,
              14.6741371
            ],
            [
              -91.1154065,
              14.6745079
            ],
            [
              -91.1155548,
              14.6747609
            ],
            [
              -91.1158689,
              14.6749267
            ],
            [
              -91.1160565,
              14.6749747
            ],
            [
              -91.1162441,
              14.6749659
            ],
            [
              -91.1164142,
              14.6749834
            ],
            [
              -91.116628,
              14.6750968
            ],
            [
              -91.1169202,
              14.67528
            ],
            [
              -91.1172212,
              14.6756028
            ],
            [
              -91.117291,
              14.6757424
            ],
            [
              -91.1173608,
              14.676087
            ],
            [
              -91.1173826,
              14.6762005
            ],
            [
              -91.1174393,
              14.6763051
            ],
            [
              -91.1175222,
              14.6763968
            ],
            [
              -91.1177491,
              14.6764796
            ],
            [
              -91.1179359,
              14.6765349
            ],
            [
              -91.1178312,
              14.6773184
            ],
            [
              -91.1179803,
              14.67764
            ],
            [
              -91.1177927,
              14.6780719
            ],
            [
              -91.1178551,
              14.6783742
            ],
            [
              -91.1177003,
              14.6784908
            ],
            [
              -91.1175294,
              14.6788119
            ],
            [
              -91.117583,
              14.6788466
            ],
            [
              -91.1175672,
              14.6789978
            ],
            [
              -91.1177751,
              14.6792372
            ],
            [
              -91.1175924,
              14.679423
            ],
            [
              -91.1176113,
              14.6797191
            ],
            [
              -91.1177877,
              14.679842
            ],
            [
              -91.1179043,
              14.6799522
            ],
            [
              -91.1179539,
              14.6800425
            ],
            [
              -91.1181862,
              14.6802535
            ],
            [
              -91.1182287,
              14.6804058
            ],
            [
              -91.1181972,
              14.6805601
            ],
            [
              -91.1182665,
              14.6807712
            ],
            [
              -91.1183043,
              14.6808562
            ],
            [
              -91.1183012,
              14.6809665
            ],
            [
              -91.118339,
              14.6809696
            ],
            [
              -91.1183421,
              14.6810547
            ],
            [
              -91.1184524,
              14.6812279
            ],
            [
              -91.1184744,
              14.681376
            ],
            [
              -91.1185248,
              14.6816248
            ],
            [
              -91.1185847,
              14.681713
            ],
            [
              -91.1186067,
              14.6819272
            ],
            [
              -91.1186099,
              14.6821887
            ],
            [
              -91.1186099,
              14.6827084
            ],
            [
              -91.1186981,
              14.6828407
            ],
            [
              -91.1184996,
              14.6831242
            ],
            [
              -91.1183043,
              14.6832943
            ],
            [
              -91.1184618,
              14.6833352
            ],
            [
              -91.1185626,
              14.6834392
            ],
            [
              -91.1184429,
              14.6836849
            ],
            [
              -91.1182571,
              14.6838109
            ],
            [
              -91.1182508,
              14.6839243
            ],
            [
              -91.1183012,
              14.6839904
            ],
            [
              -91.1183453,
              14.6843243
            ],
            [
              -91.1183705,
              14.6844881
            ],
            [
              -91.1184366,
              14.6845196
            ],
            [
              -91.118487,
              14.6848
            ],
            [
              -91.1184866,
              14.6849616
            ],
            [
              -91.1185122,
              14.6849606
            ],
            [
              -91.1186004,
              14.6850331
            ],
            [
              -91.1186406,
              14.6850517
            ],
            [
              -91.1186508,
              14.6850173
            ],
            [
              -91.1187516,
              14.6851118
            ],
            [
              -91.1188524,
              14.6852504
            ],
            [
              -91.1188146,
              14.6853418
            ],
            [
              -91.1190036,
              14.6855308
            ],
            [
              -91.1193564,
              14.6863371
            ],
            [
              -91.1193974,
              14.6866742
            ],
            [
              -91.1192531,
              14.686813
            ],
            [
              -91.1190083,
              14.6868445
            ],
            [
              -91.1186323,
              14.6868185
            ],
            [
              -91.1184465,
              14.6869943
            ],
            [
              -91.1183949,
              14.6873231
            ],
            [
              -91.1184461,
              14.6879751
            ],
            [
              -91.1185469,
              14.6881326
            ],
            [
              -91.1185437,
              14.6883594
            ],
            [
              -91.1183453,
              14.6886429
            ],
            [
              -91.1181429,
              14.6888192
            ],
            [
              -91.1179307,
              14.6889625
            ],
            [
              -91.1177641,
              14.6893597
            ],
            [
              -91.1175263,
              14.6895469
            ],
            [
              -91.1175924,
              14.6895942
            ],
            [
              -91.117532,
              14.6897096
            ],
            [
              -91.1176179,
              14.6897983
            ],
            [
              -91.1177414,
              14.689926
            ],
            [
              -91.1178165,
              14.689922
            ],
            [
              -91.1178884,
              14.6899887
            ],
            [
              -91.1179703,
              14.6900717
            ],
            [
              -91.118024,
              14.6901143
            ],
            [
              -91.1180708,
              14.6901577
            ],
            [
              -91.1181341,
              14.6902164
            ],
            [
              -91.1183056,
              14.6903954
            ],
            [
              -91.118349,
              14.6906414
            ],
            [
              -91.1183484,
              14.6907408
            ],
            [
              -91.1182476,
              14.690914
            ],
            [
              -91.1180366,
              14.6910022
            ],
            [
              -91.1178665,
              14.6911881
            ],
            [
              -91.1177027,
              14.6913833
            ],
            [
              -91.1175546,
              14.6917676
            ],
            [
              -91.1174958,
              14.6920887
            ],
            [
              -91.1174802,
              14.692174
            ],
            [
              -91.1175061,
              14.6922129
            ],
            [
              -91.117525,
              14.6922413
            ],
            [
              -91.1175475,
              14.6924282
            ],
            [
              -91.1174916,
              14.6924921
            ],
            [
              -91.1174948,
              14.6927063
            ],
            [
              -91.1173027,
              14.6927378
            ],
            [
              -91.1173657,
              14.6937994
            ],
            [
              -91.1172239,
              14.6940451
            ],
            [
              -91.1172176,
              14.6942057
            ],
            [
              -91.1172554,
              14.6942498
            ],
            [
              -91.1172862,
              14.6945888
            ],
            [
              -91.117372,
              14.6947821
            ],
            [
              -91.117372,
              14.6949333
            ],
            [
              -91.1172428,
              14.6951601
            ],
            [
              -91.1171168,
              14.69522
            ],
            [
              -91.1171168,
              14.6953649
            ],
            [
              -91.1169848,
              14.6954199
            ],
            [
              -91.117016,
              14.6954531
            ],
            [
              -91.117079,
              14.695535
            ],
            [
              -91.1170838,
              14.6956585
            ],
            [
              -91.117309,
              14.6955885
            ],
            [
              -91.1175767,
              14.6955917
            ],
            [
              -91.1177877,
              14.6955444
            ],
            [
              -91.1180177,
              14.6954373
            ],
            [
              -91.1182098,
              14.695431
            ],
            [
              -91.1185311,
              14.6952924
            ],
            [
              -91.1187296,
              14.6952515
            ],
            [
              -91.1189784,
              14.6952483
            ],
            [
              -91.1191013,
              14.6953239
            ],
            [
              -91.1192462,
              14.6954216
            ],
            [
              -91.1192556,
              14.6955192
            ],
            [
              -91.1193375,
              14.6955885
            ],
            [
              -91.1193533,
              14.6959634
            ],
            [
              -91.1193879,
              14.6961902
            ],
            [
              -91.1191202,
              14.6966186
            ],
            [
              -91.1189847,
              14.6966721
            ],
            [
              -91.1188902,
              14.6968989
            ],
            [
              -91.1189217,
              14.6970847
            ],
            [
              -91.119032,
              14.6971666
            ],
            [
              -91.1192493,
              14.6971855
            ],
            [
              -91.1193319,
              14.6972343
            ],
            [
              -91.1194413,
              14.69725
            ],
            [
              -91.1199634,
              14.69725
            ],
            [
              -91.1202512,
              14.6974213
            ],
            [
              -91.1209554,
              14.6978491
            ],
            [
              -91.1211046,
              14.6980203
            ],
            [
              -91.1211928,
              14.6981526
            ],
            [
              -91.1214669,
              14.6985621
            ],
            [
              -91.1217945,
              14.6986944
            ],
            [
              -91.1219079,
              14.6986503
            ],
            [
              -91.1220843,
              14.6986408
            ],
            [
              -91.1221693,
              14.6985967
            ],
            [
              -91.1227804,
              14.6986125
            ],
            [
              -91.1229915,
              14.6986597
            ],
            [
              -91.1231059,
              14.6986996
            ],
            [
              -91.1231552,
              14.6987574
            ],
            [
              -91.1230923,
              14.6987889
            ],
            [
              -91.123256,
              14.6988456
            ],
            [
              -91.123445,
              14.6988078
            ],
            [
              -91.1236403,
              14.698833
            ],
            [
              -91.1238293,
              14.6988676
            ],
            [
              -91.1239396,
              14.6989149
            ],
            [
              -91.1240845,
              14.6989243
            ],
            [
              -91.1241695,
              14.6989873
            ],
            [
              -91.1242798,
              14.6989873
            ],
            [
              -91.1244278,
              14.6990409
            ],
            [
              -91.1245727,
              14.699044
            ],
            [
              -91.1246389,
              14.6990251
            ],
            [
              -91.1247838,
              14.699044
            ],
            [
              -91.1249098,
              14.6992519
            ],
            [
              -91.1250232,
              14.6993748
            ],
            [
              -91.125146,
              14.6994882
            ],
            [
              -91.1252941,
              14.6995669
            ],
            [
              -91.1256532,
              14.6997213
            ],
            [
              -91.1258422,
              14.6998315
            ],
            [
              -91.1260406,
              14.6999827
            ],
            [
              -91.1262863,
              14.7001528
            ],
            [
              -91.1264847,
              14.7002189
            ],
            [
              -91.1266737,
              14.700263
            ],
            [
              -91.126806,
              14.700304
            ],
            [
              -91.1269698,
              14.7003071
            ],
            [
              -91.1272502,
              14.7004048
            ],
            [
              -91.1276282,
              14.7004048
            ],
            [
              -91.1277636,
              14.7005812
            ],
            [
              -91.1278055,
              14.7007268
            ],
            [
              -91.1277248,
              14.7009264
            ],
            [
              -91.1275181,
              14.7011606
            ],
            [
              -91.1275075,
              14.7013136
            ],
            [
              -91.127414,
              14.7014222
            ],
            [
              -91.1273447,
              14.7018916
            ],
            [
              -91.1273384,
              14.7022412
            ],
            [
              -91.1274675,
              14.7024712
            ],
            [
              -91.127562,
              14.7025058
            ],
            [
              -91.1276628,
              14.702594
            ],
            [
              -91.1278487,
              14.7026728
            ],
            [
              -91.1280881,
              14.7026444
            ],
            [
              -91.1282298,
              14.7026192
            ],
            [
              -91.1283306,
              14.7025625
            ],
            [
              -91.1283873,
              14.7025877
            ],
            [
              -91.1284503,
              14.7025688
            ],
            [
              -91.1284314,
              14.7025121
            ],
            [
              -91.1286047,
              14.7024145
            ],
            [
              -91.1290015,
              14.7023578
            ],
            [
              -91.1291685,
              14.7024271
            ],
            [
              -91.1293228,
              14.7024491
            ],
            [
              -91.1296032,
              14.7023893
            ],
            [
              -91.1300347,
              14.7023483
            ],
            [
              -91.130915,
              14.702961
            ],
            [
              -91.1308488,
              14.7032197
            ],
            [
              -91.1304169,
              14.7037921
            ],
            [
              -91.1302206,
              14.7039453
            ],
            [
              -91.1301828,
              14.7041627
            ],
            [
              -91.1301166,
              14.7042288
            ],
            [
              -91.1303907,
              14.7042918
            ],
            [
              -91.1305324,
              14.7042761
            ],
            [
              -91.1307498,
              14.7043832
            ],
            [
              -91.1308128,
              14.7045375
            ],
            [
              -91.1308411,
              14.7045942
            ],
            [
              -91.1309671,
              14.7046037
            ],
            [
              -91.1309986,
              14.7046761
            ],
            [
              -91.1312065,
              14.704821
            ],
            [
              -91.1313577,
              14.7048399
            ],
            [
              -91.1314239,
              14.7050037
            ],
            [
              -91.1313955,
              14.7054101
            ],
            [
              -91.1311813,
              14.705492
            ],
            [
              -91.1308191,
              14.7055077
            ],
            [
              -91.1305891,
              14.7060148
            ],
            [
              -91.1305419,
              14.706733
            ],
            [
              -91.1301796,
              14.7070323
            ],
            [
              -91.1299213,
              14.7070512
            ],
            [
              -91.1300284,
              14.7072937
            ],
            [
              -91.130041,
              14.7076686
            ],
            [
              -91.1299528,
              14.707867
            ],
            [
              -91.130041,
              14.7080277
            ],
            [
              -91.1300064,
              14.7081789
            ],
            [
              -91.130167,
              14.708349
            ],
            [
              -91.1302552,
              14.7085694
            ],
            [
              -91.1304873,
              14.7087566
            ],
            [
              -91.130586,
              14.7089285
            ],
            [
              -91.130671,
              14.7090577
            ],
            [
              -91.1308474,
              14.7092341
            ],
            [
              -91.1311593,
              14.7094609
            ],
            [
              -91.1313577,
              14.7096373
            ],
            [
              -91.1313766,
              14.7099806
            ],
            [
              -91.1311719,
              14.7105256
            ],
            [
              -91.1310207,
              14.7107177
            ],
            [
              -91.130901,
              14.7107713
            ],
            [
              -91.1310661,
              14.710931
            ],
            [
              -91.1311561,
              14.7111241
            ],
            [
              -91.1313798,
              14.711354
            ],
            [
              -91.1312821,
              14.7115839
            ],
            [
              -91.131405,
              14.7118328
            ],
            [
              -91.1314554,
              14.711858
            ],
            [
              -91.1315782,
              14.712236
            ],
            [
              -91.1313073,
              14.7124848
            ],
            [
              -91.1314522,
              14.7124817
            ],
            [
              -91.1314774,
              14.712614
            ],
            [
              -91.1316003,
              14.7127463
            ],
            [
              -91.1317199,
              14.7128345
            ],
            [
              -91.1318774,
              14.7132503
            ],
            [
              -91.1318711,
              14.7134361
            ],
            [
              -91.1318554,
              14.7135653
            ],
            [
              -91.1319247,
              14.7135873
            ],
            [
              -91.1319688,
              14.7138299
            ],
            [
              -91.1318459,
              14.7139023
            ],
            [
              -91.1317294,
              14.714063
            ],
            [
              -91.1315341,
              14.7141448
            ],
            [
              -91.1317483,
              14.7145165
            ],
            [
              -91.131764,
              14.7147591
            ],
            [
              -91.1317861,
              14.714926
            ],
            [
              -91.1320223,
              14.7152977
            ],
            [
              -91.1323625,
              14.7156348
            ],
            [
              -91.1326145,
              14.7160411
            ],
            [
              -91.1327468,
              14.7161451
            ],
            [
              -91.1328509,
              14.7161995
            ],
            [
              -91.1329075,
              14.7163152
            ],
            [
              -91.1328602,
              14.7163404
            ],
            [
              -91.1329736,
              14.7165231
            ],
            [
              -91.1330681,
              14.7165672
            ],
            [
              -91.1331248,
              14.7166333
            ],
            [
              -91.1330209,
              14.7167121
            ],
            [
              -91.1330587,
              14.7169735
            ],
            [
              -91.1331248,
              14.7170144
            ],
            [
              -91.133087,
              14.717068
            ],
            [
              -91.1330755,
              14.7177849
            ],
            [
              -91.1331028,
              14.7180571
            ],
            [
              -91.1331941,
              14.7182177
            ],
            [
              -91.1331815,
              14.7183437
            ],
            [
              -91.1333201,
              14.7184823
            ],
            [
              -91.1333642,
              14.718665
            ],
            [
              -91.1334272,
              14.7190115
            ],
            [
              -91.1334146,
              14.7193171
            ],
            [
              -91.1336666,
              14.7196667
            ],
            [
              -91.1338084,
              14.7198368
            ],
            [
              -91.1340257,
              14.7199502
            ],
            [
              -91.1342084,
              14.7200982
            ],
            [
              -91.1343911,
              14.7201171
            ],
            [
              -91.1347911,
              14.7203849
            ],
            [
              -91.1348494,
              14.7204059
            ],
            [
              -91.1349968,
              14.720459
            ],
            [
              -91.1351139,
              14.7207011
            ],
            [
              -91.1352777,
              14.7208934
            ],
            [
              -91.1355196,
              14.7210043
            ],
            [
              -91.1356182,
              14.7210997
            ],
            [
              -91.1359659,
              14.7213303
            ],
            [
              -91.1362344,
              14.7214403
            ],
            [
              -91.1366898,
              14.7216906
            ],
            [
              -91.1368944,
              14.7218689
            ],
            [
              -91.1375289,
              14.7221433
            ],
            [
              -91.137539,
              14.7222375
            ],
            [
              -91.1382327,
              14.7224014
            ],
            [
              -91.1383336,
              14.7223349
            ],
            [
              -91.138658,
              14.722285
            ],
            [
              -91.1389604,
              14.7219041
            ],
            [
              -91.1391901,
              14.7216119
            ],
            [
              -91.1392734,
              14.7214156
            ],
            [
              -91.1393818,
              14.721274
            ],
            [
              -91.1395625,
              14.7212594
            ],
            [
              -91.1396829,
              14.7214072
            ],
            [
              -91.1397807,
              14.7217362
            ],
            [
              -91.1400925,
              14.7220859
            ],
            [
              -91.1401587,
              14.7222034
            ],
            [
              -91.140213,
              14.7225056
            ],
            [
              -91.1404736,
              14.7228292
            ],
            [
              -91.1405209,
              14.7230434
            ],
            [
              -91.1406082,
              14.7231009
            ],
            [
              -91.1407123,
              14.7235783
            ],
            [
              -91.1408453,
              14.7239223
            ],
            [
              -91.1410342,
              14.7242154
            ],
            [
              -91.1412554,
              14.7244214
            ],
            [
              -91.1413129,
              14.7249404
            ],
            [
              -91.1412606,
              14.7249941
            ],
            [
              -91.1410648,
              14.7250901
            ],
            [
              -91.1411713,
              14.7252832
            ],
            [
              -91.1411126,
              14.7256122
            ],
            [
              -91.1412443,
              14.7259125
            ],
            [
              -91.1413778,
              14.7260358
            ],
            [
              -91.1414891,
              14.7265832
            ],
            [
              -91.1416697,
              14.7269843
            ],
            [
              -91.1417842,
              14.7270825
            ],
            [
              -91.1418278,
              14.7273091
            ],
            [
              -91.1419263,
              14.7275106
            ],
            [
              -91.1423032,
              14.7277674
            ],
            [
              -91.1424983,
              14.7282296
            ],
            [
              -91.1425567,
              14.7284552
            ],
            [
              -91.1425216,
              14.7287696
            ],
            [
              -91.1426524,
              14.729184
            ],
            [
              -91.1426996,
              14.7292274
            ],
            [
              -91.1427463,
              14.7292519
            ],
            [
              -91.1429157,
              14.7295282
            ],
            [
              -91.1429528,
              14.7297381
            ],
            [
              -91.1430202,
              14.7298654
            ],
            [
              -91.1432223,
              14.7301053
            ],
            [
              -91.143316,
              14.7302323
            ],
            [
              -91.1436003,
              14.7304361
            ],
            [
              -91.143651,
              14.7305236
            ],
            [
              -91.1438944,
              14.7306553
            ],
            [
              -91.1440106,
              14.730661
            ],
            [
              -91.1440787,
              14.7307168
            ],
            [
              -91.1441765,
              14.7307615
            ],
            [
              -91.1442244,
              14.7308771
            ],
            [
              -91.1442622,
              14.7309152
            ],
            [
              -91.1443222,
              14.7309559
            ],
            [
              -91.1446476,
              14.7310652
            ],
            [
              -91.1447497,
              14.7311222
            ],
            [
              -91.1451141,
              14.7311536
            ],
            [
              -91.145296,
              14.7311281
            ],
            [
              -91.1456166,
              14.7311967
            ],
            [
              -91.1459711,
              14.7313057
            ],
            [
              -91.1460837,
              14.7312679
            ],
            [
              -91.1462411,
              14.7313185
            ],
            [
              -91.1463428,
              14.731325
            ],
            [
              -91.1465585,
              14.7314182
            ],
            [
              -91.1467124,
              14.7315386
            ],
            [
              -91.1468101,
              14.731948
            ],
            [
              -91.1468699,
              14.7320961
            ],
            [
              -91.1470085,
              14.7322441
            ],
            [
              -91.1471566,
              14.7323733
            ],
            [
              -91.1473235,
              14.7324457
            ],
            [
              -91.1476325,
              14.7325203
            ],
            [
              -91.1480008,
              14.7325812
            ],
            [
              -91.1483284,
              14.7325749
            ],
            [
              -91.1488103,
              14.7325497
            ],
            [
              -91.1489798,
              14.732536
            ],
            [
              -91.1491752,
              14.7325969
            ],
            [
              -91.1494072,
              14.7326253
            ],
            [
              -91.1495521,
              14.7326631
            ],
            [
              -91.1497159,
              14.7327009
            ],
            [
              -91.1501632,
              14.7327198
            ],
            [
              -91.1511334,
              14.7327891
            ],
            [
              -91.1516003,
              14.7329027
            ],
            [
              -91.153848,
              14.7327804
            ],
            [
              -91.1542734,
              14.7328479
            ],
            [
              -91.1546213,
              14.73291
            ],
            [
              -91.1547999,
              14.7329527
            ],
            [
              -91.1551923,
              14.733115
            ],
            [
              -91.1557505,
              14.7334227
            ],
            [
              -91.1562343,
              14.7336097
            ],
            [
              -91.1568949,
              14.7337465
            ],
            [
              -91.1571988,
              14.7339689
            ],
            [
              -91.1572997,
              14.7340952
            ],
            [
              -91.1574361,
              14.7341607
            ],
            [
              -91.1584431,
              14.7345922
            ],
            [
              -91.1586837,
              14.7346459
            ],
            [
              -91.158897,
              14.7347247
            ],
            [
              -91.158928,
              14.7350104
            ],
            [
              -91.1592982,
              14.7360585
            ],
            [
              -91.1596379,
              14.7364976
            ],
            [
              -91.1598058,
              14.7365853
            ],
            [
              -91.1600831,
              14.7367302
            ],
            [
              -91.1603741,
              14.736885
            ],
            [
              -91.1603883,
              14.7369514
            ],
            [
              -91.1603969,
              14.7369917
            ],
            [
              -91.16068,
              14.737614
            ],
            [
              -91.1606496,
              14.737701
            ],
            [
              -91.1608926,
              14.737939
            ],
            [
              -91.161275,
              14.7382235
            ],
            [
              -91.1612517,
              14.7382766
            ],
            [
              -91.1613555,
              14.7383593
            ],
            [
              -91.1614548,
              14.7383759
            ],
            [
              -91.1617439,
              14.7387126
            ],
            [
              -91.1623441,
              14.7391986
            ],
            [
              -91.1622998,
              14.7393214
            ],
            [
              -91.1625236,
              14.7395552
            ],
            [
              -91.1626426,
              14.739803
            ],
            [
              -91.1626694,
              14.7398962
            ],
            [
              -91.1627422,
              14.7400019
            ],
            [
              -91.1628429,
              14.7400966
            ],
            [
              -91.1632376,
              14.7405241
            ],
            [
              -91.1632166,
              14.7406891
            ],
            [
              -91.1632355,
              14.7408999
            ],
            [
              -91.163218,
              14.7410737
            ],
            [
              -91.1633548,
              14.7413947
            ],
            [
              -91.1635556,
              14.7416331
            ],
            [
              -91.1638212,
              14.7420289
            ],
            [
              -91.1640101,
              14.7424985
            ],
            [
              -91.164062,
              14.7426891
            ],
            [
              -91.1640456,
              14.7429019
            ],
            [
              -91.16396,
              14.7432028
            ],
            [
              -91.163834,
              14.7433855
            ],
            [
              -91.1637206,
              14.7436123
            ],
            [
              -91.1634812,
              14.7436753
            ],
            [
              -91.1634497,
              14.7439777
            ],
            [
              -91.1632229,
              14.7445447
            ],
            [
              -91.1634276,
              14.7457973
            ],
            [
              -91.1636566,
              14.7461743
            ],
            [
              -91.1642746,
              14.7467507
            ],
            [
              -91.1644295,
              14.7469389
            ],
            [
              -91.1646501,
              14.7471168
            ],
            [
              -91.164828,
              14.7471943
            ],
            [
              -91.1650457,
              14.7472019
            ],
            [
              -91.165117,
              14.7470838
            ],
            [
              -91.1651883,
              14.747085
            ],
            [
              -91.165551,
              14.7472273
            ],
            [
              -91.165583,
              14.7471674
            ],
            [
              -91.1662999,
              14.7471771
            ],
            [
              -91.1665967,
              14.7470707
            ],
            [
              -91.1667508,
              14.7471472
            ],
            [
              -91.1668971,
              14.7472199
            ],
            [
              -91.1668579,
              14.7475056
            ],
            [
              -91.1670469,
              14.7475308
            ],
            [
              -91.1674707,
              14.7476549
            ],
            [
              -91.167532,
              14.747745
            ],
            [
              -91.1676958,
              14.7477765
            ],
            [
              -91.1677525,
              14.747934
            ],
            [
              -91.1680108,
              14.7480537
            ],
            [
              -91.1685495,
              14.7481437
            ],
            [
              -91.1695121,
              14.7481074
            ],
            [
              -91.1698783,
              14.7480192
            ],
            [
              -91.17068,
              14.7474049
            ],
            [
              -91.1710357,
              14.7471098
            ],
            [
              -91.1712503,
              14.746715
            ],
            [
              -91.1713861,
              14.7466687
            ],
            [
              -91.1718223,
              14.7461055
            ],
            [
              -91.1718947,
              14.7459654
            ],
            [
              -91.1722534,
              14.7456616
            ],
            [
              -91.1723855,
              14.7453429
            ],
            [
              -91.1724606,
              14.7453014
            ],
            [
              -91.172397,
              14.7446874
            ],
            [
              -91.1725894,
              14.7444947
            ],
            [
              -91.1731258,
              14.7443546
            ],
            [
              -91.1733518,
              14.7441873
            ],
            [
              -91.1734109,
              14.7440616
            ],
            [
              -91.1736944,
              14.7438462
            ],
            [
              -91.1740619,
              14.7437165
            ],
            [
              -91.1743569,
              14.7434467
            ],
            [
              -91.1744481,
              14.743011
            ],
            [
              -91.1747298,
              14.7426063
            ],
            [
              -91.1750597,
              14.7420408
            ],
            [
              -91.1754003,
              14.7418048
            ],
            [
              -91.1755556,
              14.7416518
            ],
            [
              -91.1760881,
              14.7414476
            ],
            [
              -91.1761564,
              14.741343
            ],
            [
              -91.1766335,
              14.7409532
            ],
            [
              -91.176759,
              14.7407835
            ],
            [
              -91.1767742,
              14.7407391
            ],
            [
              -91.176854,
              14.7406839
            ],
            [
              -91.177345,
              14.7404402
            ],
            [
              -91.1778607,
              14.7403567
            ],
            [
              -91.1781303,
              14.7401889
            ],
            [
              -91.1785039,
              14.7400829
            ],
            [
              -91.1785656,
              14.739994
            ],
            [
              -91.1795712,
              14.7397452
            ],
            [
              -91.1813584,
              14.7401915
            ],
            [
              -91.1817706,
              14.7403237
            ],
            [
              -91.1820361,
              14.7403496
            ],
            [
              -91.1832163,
              14.7408554
            ],
            [
              -91.1840388,
              14.740765
            ],
            [
              -91.184548,
              14.7408674
            ],
            [
              -91.1852385,
              14.7414731
            ],
            [
              -91.1853583,
              14.74155
            ],
            [
              -91.1855491,
              14.7416568
            ],
            [
              -91.1858673,
              14.7417917
            ],
            [
              -91.1861726,
              14.7419239
            ],
            [
              -91.1865452,
              14.7421307
            ],
            [
              -91.1867695,
              14.7424028
            ],
            [
              -91.1868188,
              14.7424696
            ],
            [
              -91.1870005,
              14.7427867
            ],
            [
              -91.1871914,
              14.7429771
            ],
            [
              -91.1874347,
              14.7430332
            ],
            [
              -91.1875439,
              14.7428784
            ],
            [
              -91.187668,
              14.7426721
            ],
            [
              -91.1877112,
              14.7425485
            ],
            [
              -91.187856,
              14.7424376
            ],
            [
              -91.1879839,
              14.742283
            ],
            [
              -91.188091,
              14.7421248
            ],
            [
              -91.1882204,
              14.7422336
            ],
            [
              -91.1883354,
              14.7423358
            ],
            [
              -91.1884693,
              14.7423664
            ],
            [
              -91.188578,
              14.742443
            ],
            [
              -91.1888563,
              14.7424667
            ],
            [
              -91.1891157,
              14.7423612
            ],
            [
              -91.1894125,
              14.7423052
            ],
            [
              -91.1895592,
              14.7422233
            ],
            [
              -91.1896761,
              14.7422212
            ],
            [
              -91.1897394,
              14.7422036
            ],
            [
              -91.1898231,
              14.7421736
            ],
            [
              -91.1899446,
              14.742014
            ],
            [
              -91.1900785,
              14.7419988
            ],
            [
              -91.1901107,
              14.7419745
            ],
            [
              -91.1901136,
              14.7419376
            ],
            [
              -91.1901412,
              14.7418993
            ],
            [
              -91.1902148,
              14.741891
            ],
            [
              -91.1902237,
              14.741856
            ],
            [
              -91.1902775,
              14.7418266
            ],
            [
              -91.1903529,
              14.7418062
            ],
            [
              -91.1904121,
              14.7418312
            ],
            [
              -91.1904898,
              14.7417877
            ],
            [
              -91.190572,
              14.7417824
            ],
            [
              -91.1905979,
              14.7418435
            ],
            [
              -91.1906368,
              14.7418721
            ],
            [
              -91.190712,
              14.7418412
            ],
            [
              -91.1908076,
              14.741827
            ],
            [
              -91.1908278,
              14.7418483
            ],
            [
              -91.1908642,
              14.7418341
            ],
            [
              -91.1909197,
              14.7418245
            ],
            [
              -91.1909721,
              14.7417985
            ],
            [
              -91.1910045,
              14.7418112
            ],
            [
              -91.1909777,
              14.7418353
            ],
            [
              -91.1909652,
              14.7418653
            ],
            [
              -91.1909727,
              14.7418832
            ],
            [
              -91.1910086,
              14.7418834
            ],
            [
              -91.1910354,
              14.7419004
            ],
            [
              -91.1910519,
              14.7419089
            ],
            [
              -91.1910826,
              14.7419065
            ],
            [
              -91.1911179,
              14.7419193
            ],
            [
              -91.1911679,
              14.7419352
            ],
            [
              -91.1911731,
              14.7419732
            ],
            [
              -91.1911892,
              14.7419894
            ],
            [
              -91.191234,
              14.7419969
            ],
            [
              -91.1912599,
              14.7420074
            ],
            [
              -91.1912776,
              14.7420161
            ],
            [
              -91.1913191,
              14.741999
            ],
            [
              -91.1913118,
              14.7420525
            ],
            [
              -91.191286,
              14.742059
            ],
            [
              -91.1912672,
              14.7420554
            ],
            [
              -91.1912578,
              14.7420435
            ],
            [
              -91.1912718,
              14.742079
            ],
            [
              -91.1912756,
              14.7420976
            ],
            [
              -91.1912997,
              14.7421035
            ],
            [
              -91.1912911,
              14.7421794
            ],
            [
              -91.1913106,
              14.742232
            ],
            [
              -91.191337,
              14.742253
            ],
            [
              -91.1913328,
              14.7422868
            ],
            [
              -91.1913377,
              14.742308
            ],
            [
              -91.1915054,
              14.7423873
            ],
            [
              -91.1916894,
              14.7424498
            ],
            [
              -91.1920119,
              14.7423556
            ],
            [
              -91.1922162,
              14.7420776
            ],
            [
              -91.1925659,
              14.7418503
            ],
            [
              -91.1928273,
              14.7417739
            ],
            [
              -91.1929852,
              14.7417339
            ],
            [
              -91.1930905,
              14.7415612
            ],
            [
              -91.1931224,
              14.7414066
            ],
            [
              -91.1932146,
              14.7411866
            ],
            [
              -91.1933706,
              14.7409848
            ],
            [
              -91.1934346,
              14.740952
            ],
            [
              -91.1933217,
              14.7408775
            ],
            [
              -91.1932841,
              14.7406084
            ],
            [
              -91.1932033,
              14.7404593
            ],
            [
              -91.1932014,
              14.7402774
            ],
            [
              -91.1932052,
              14.7401574
            ],
            [
              -91.1932616,
              14.7400629
            ],
            [
              -91.193286,
              14.7399083
            ],
            [
              -91.1933687,
              14.7397865
            ],
            [
              -91.1935154,
              14.7397556
            ],
            [
              -91.1934966,
              14.7396701
            ],
            [
              -91.1935455,
              14.7394446
            ],
            [
              -91.1935229,
              14.7393355
            ],
            [
              -91.1934872,
              14.7392719
            ],
            [
              -91.1935248,
              14.7391173
            ],
            [
              -91.1936865,
              14.7390937
            ],
            [
              -91.1940362,
              14.7391519
            ],
            [
              -91.1945326,
              14.7391773
            ],
            [
              -91.1945777,
              14.7392046
            ],
            [
              -91.1946548,
              14.7392319
            ],
            [
              -91.194668,
              14.7391773
            ],
            [
              -91.1948372,
              14.7391537
            ],
            [
              -91.19517,
              14.7390901
            ],
            [
              -91.1955197,
              14.7390792
            ],
            [
              -91.1963338,
              14.7392937
            ],
            [
              -91.1967569,
              14.7394083
            ],
            [
              -91.1969054,
              14.7394774
            ],
            [
              -91.1969656,
              14.739561
            ],
            [
              -91.1970314,
              14.7397974
            ],
            [
              -91.197101,
              14.7401283
            ],
            [
              -91.1972081,
              14.7403629
            ],
            [
              -91.1973247,
              14.7404611
            ],
            [
              -91.1975785,
              14.7406811
            ],
            [
              -91.1976556,
              14.7408229
            ],
            [
              -91.1978135,
              14.7410757
            ],
            [
              -91.1980448,
              14.7411648
            ],
            [
              -91.1982592,
              14.7411957
            ],
            [
              -91.1983644,
              14.7411757
            ],
            [
              -91.1987104,
              14.7412302
            ],
            [
              -91.19903,
              14.7412102
            ],
            [
              -91.1991654,
              14.741263
            ],
            [
              -91.1992538,
              14.7414339
            ],
            [
              -91.1994098,
              14.7413993
            ],
            [
              -91.1996054,
              14.741343
            ],
            [
              -91.1998931,
              14.7414593
            ],
            [
              -91.2001732,
              14.7414921
            ],
            [
              -91.2002014,
              14.7414393
            ],
            [
              -91.2005079,
              14.7414612
            ],
            [
              -91.2005944,
              14.7414012
            ],
            [
              -91.2006978,
              14.7412684
            ],
            [
              -91.200773,
              14.7411975
            ],
            [
              -91.2010024,
              14.7410357
            ],
            [
              -91.2015213,
              14.7408338
            ],
            [
              -91.2016736,
              14.7407084
            ],
            [
              -91.2019368,
              14.7405793
            ],
            [
              -91.2023298,
              14.740509
            ],
            [
              -91.202922,
              14.7401009
            ],
            [
              -91.2032182,
              14.7400754
            ],
            [
              -91.2034299,
              14.7399068
            ],
            [
              -91.203688,
              14.739908
            ],
            [
              -91.2039511,
              14.739772
            ],
            [
              -91.2040282,
              14.7397193
            ],
            [
              -91.204126,
              14.7397211
            ],
            [
              -91.204245,
              14.7398405
            ],
            [
              -91.2043519,
              14.7399047
            ],
            [
              -91.2046333,
              14.7399664
            ],
            [
              -91.2053438,
              14.7399991
            ],
            [
              -91.205403,
              14.7399683
            ],
            [
              -91.2057585,
              14.7400575
            ],
            [
              -91.2064628,
              14.7401208
            ],
            [
              -91.2064948,
              14.7401444
            ],
            [
              -91.2065064,
              14.740145
            ],
            [
              -91.2065218,
              14.7401459
            ],
            [
              -91.2068318,
              14.740194
            ],
            [
              -91.2071431,
              14.740312
            ],
            [
              -91.207239,
              14.7403702
            ],
            [
              -91.2072935,
              14.7404538
            ],
            [
              -91.2074609,
              14.7405502
            ],
            [
              -91.2078501,
              14.740692
            ],
            [
              -91.2080813,
              14.7406956
            ],
            [
              -91.2082581,
              14.7406811
            ],
            [
              -91.2084498,
              14.7405411
            ],
            [
              -91.2085608,
              14.7404502
            ],
            [
              -91.2087432,
              14.740312
            ],
            [
              -91.2089763,
              14.7401592
            ],
            [
              -91.2091624,
              14.7399756
            ],
            [
              -91.20939,
              14.7398883
            ],
            [
              -91.2096325,
              14.7397665
            ],
            [
              -91.209813,
              14.7397374
            ],
            [
              -91.2099408,
              14.7397083
            ],
            [
              -91.210151,
              14.7397535
            ],
            [
              -91.2102558,
              14.7397164
            ],
            [
              -91.210311,
              14.73971
            ],
            [
              -91.2103795,
              14.7396931
            ],
            [
              -91.2104312,
              14.739679
            ],
            [
              -91.2105546,
              14.7396447
            ],
            [
              -91.2106283,
              14.7395903
            ],
            [
              -91.2107195,
              14.7394932
            ],
            [
              -91.2107227,
              14.7382726
            ],
            [
              -91.2116297,
              14.7376068
            ],
            [
              -91.212099,
              14.7368928
            ],
            [
              -91.2127346,
              14.7366612
            ],
            [
              -91.2130277,
              14.7361007
            ],
            [
              -91.2135875,
              14.7361102
            ],
            [
              -91.2142718,
              14.7365185
            ],
            [
              -91.2144881,
              14.7367178
            ],
            [
              -91.2147734,
              14.7368355
            ],
            [
              -91.2149814,
              14.7368911
            ],
            [
              -91.215134,
              14.7368462
            ],
            [
              -91.2153065,
              14.7367457
            ],
            [
              -91.215541,
              14.7366729
            ],
            [
              -91.2158488,
              14.7364881
            ],
            [
              -91.2159287,
              14.7363186
            ],
            [
              -91.2158703,
              14.7361286
            ],
            [
              -91.2158995,
              14.7359837
            ],
            [
              -91.2160038,
              14.7359066
            ],
            [
              -91.2162115,
              14.735862
            ],
            [
              -91.2162206,
              14.7358628
            ],
            [
              -91.2162307,
              14.7358637
            ],
            [
              -91.216966,
              14.7360929
            ],
            [
              -91.2172353,
              14.7362325
            ],
            [
              -91.2175068,
              14.7364582
            ],
            [
              -91.2180024,
              14.7364652
            ],
            [
              -91.2187527,
              14.7363358
            ],
            [
              -91.2197428,
              14.7361548
            ],
            [
              -91.2208263,
              14.7361906
            ],
            [
              -91.2217321,
              14.7351473
            ],
            [
              -91.2226878,
              14.7346059
            ],
            [
              -91.2231204,
              14.7345523
            ],
            [
              -91.2233382,
              14.7341555
            ],
            [
              -91.2238362,
              14.7337586
            ],
            [
              -91.2239594,
              14.7328863
            ],
            [
              -91.2243255,
              14.7322849
            ],
            [
              -91.2249324,
              14.7323274
            ],
            [
              -91.2253443,
              14.7315657
            ],
            [
              -91.2258175,
              14.7312731
            ],
            [
              -91.2263255,
              14.7312849
            ],
            [
              -91.2265101,
              14.7314807
            ],
            [
              -91.2266365,
              14.7315862
            ],
            [
              -91.2269162,
              14.7312979
            ],
            [
              -91.2273266,
              14.7310818
            ],
            [
              -91.2278952,
              14.7312278
            ],
            [
              -91.2281886,
              14.7310394
            ],
            [
              -91.228482,
              14.7309233
            ],
            [
              -91.2288255,
              14.7310349
            ],
            [
              -91.2293255,
              14.7310241
            ],
            [
              -91.2299843,
              14.7306805
            ],
            [
              -91.2303815,
              14.7308247
            ],
            [
              -91.2313348,
              14.7301194
            ],
            [
              -91.2316035,
              14.7300049
            ],
            [
              -91.2316854,
              14.7293181
            ],
            [
              -91.2318255,
              14.7290349
            ],
            [
              -91.2320511,
              14.7281389
            ],
            [
              -91.2325662,
              14.7278933
            ],
            [
              -91.2330755,
              14.7282849
            ],
            [
              -91.2333255,
              14.7290349
            ],
            [
              -91.2355755,
              14.7307849
            ],
            [
              -91.2365755,
              14.7305349
            ],
            [
              -91.2365001,
              14.7300391
            ],
            [
              -91.2381929,
              14.731263
            ],
            [
              -91.2388255,
              14.7312849
            ],
            [
              -91.2400755,
              14.7307849
            ],
            [
              -91.2404558,
              14.7303764
            ],
            [
              -91.2410833,
              14.7302019
            ],
            [
              -91.2422942,
              14.7296
            ],
            [
              -91.2428861,
              14.729055
            ],
            [
              -91.2433153,
              14.7286853
            ],
            [
              -91.2433768,
              14.7284571
            ],
            [
              -91.2434354,
              14.7282059
            ],
            [
              -91.2427883,
              14.7276236
            ],
            [
              -91.2428375,
              14.7270881
            ],
            [
              -91.2430585,
              14.7267792
            ],
            [
              -91.2432889,
              14.7257821
            ],
            [
              -91.2434365,
              14.7248308
            ],
            [
              -91.2433906,
              14.724616
            ],
            [
              -91.2430796,
              14.7243474
            ],
            [
              -91.2429752,
              14.7241554
            ],
            [
              -91.2429448,
              14.7239579
            ],
            [
              -91.2431309,
              14.7237979
            ],
            [
              -91.2433795,
              14.7238357
            ],
            [
              -91.2438255,
              14.7237849
            ],
            [
              -91.2442971,
              14.7235047
            ],
            [
              -91.2447048,
              14.7234235
            ],
            [
              -91.2451806,
              14.7234166
            ],
            [
              -91.2453766,
              14.7232553
            ],
            [
              -91.245655,
              14.7227916
            ],
            [
              -91.2462971,
              14.7225789
            ],
            [
              -91.2473111,
              14.7226025
            ],
            [
              -91.248592,
              14.7221043
            ],
            [
              -91.248777,
              14.7219416
            ],
            [
              -91.2490813,
              14.7218393
            ],
            [
              -91.2493949,
              14.7219178
            ],
            [
              -91.2496801,
              14.7219661
            ],
            [
              -91.2498583,
              14.7220792
            ],
            [
              -91.2503909,
              14.7223273
            ],
            [
              -91.2505809,
              14.7225156
            ],
            [
              -91.2509592,
              14.7224438
            ],
            [
              -91.2510249,
              14.7223006
            ],
            [
              -91.2515112,
              14.7222756
            ],
            [
              -91.2515724,
              14.7221119
            ],
            [
              -91.2515292,
              14.72178
            ],
            [
              -91.2514735,
              14.7216057
            ],
            [
              -91.251474,
              14.7214911
            ],
            [
              -91.2515882,
              14.7214782
            ],
            [
              -91.2517239,
              14.7214777
            ],
            [
              -91.2520869,
              14.7217354
            ],
            [
              -91.2523255,
              14.7220349
            ],
            [
              -91.2526223,
              14.7221456
            ],
            [
              -91.2526632,
              14.7224166
            ],
            [
              -91.2526131,
              14.7226779
            ],
            [
              -91.2528304,
              14.7229648
            ],
            [
              -91.2535502,
              14.7232362
            ],
            [
              -91.2545366,
              14.7237958
            ],
            [
              -91.2548935,
              14.7237106
            ],
            [
              -91.2550677,
              14.7237003
            ],
            [
              -91.2553869,
              14.723575
            ],
            [
              -91.2556751,
              14.7234497
            ],
            [
              -91.2560271,
              14.7231993
            ],
            [
              -91.2561187,
              14.7229851
            ],
            [
              -91.2563476,
              14.7228744
            ],
            [
              -91.2564168,
              14.7226513
            ],
            [
              -91.2563869,
              14.7226077
            ],
            [
              -91.2564017,
              14.7225603
            ],
            [
              -91.2564155,
              14.7225417
            ],
            [
              -91.2565482,
              14.7222876
            ],
            [
              -91.2568952,
              14.7222821
            ],
            [
              -91.2571138,
              14.7222198
            ],
            [
              -91.2573451,
              14.7221161
            ],
            [
              -91.2579487,
              14.7216576
            ],
            [
              -91.2580419,
              14.7215343
            ],
            [
              -91.2584811,
              14.7212905
            ],
            [
              -91.2586494,
              14.7213093
            ],
            [
              -91.2588334,
              14.7212527
            ],
            [
              -91.2596223,
              14.7211964
            ],
            [
              -91.2597933,
              14.7210752
            ],
            [
              -91.2599502,
              14.7209308
            ],
            [
              -91.2599961,
              14.7202788
            ],
            [
              -91.2604693,
              14.7200793
            ],
            [
              -91.2609651,
              14.7203921
            ],
            [
              -91.2620755,
              14.7235349
            ],
            [
              -91.2625755,
              14.7237849
            ],
            [
              -91.2630755,
              14.7242849
            ],
            [
              -91.2635585,
              14.7243508
            ],
            [
              -91.2640755,
              14.7242849
            ],
            [
              -91.2645755,
              14.7237849
            ],
            [
              -91.2657076,
              14.7228904
            ],
            [
              -91.2658162,
              14.7227685
            ],
            [
              -91.2660348,
              14.7224857
            ],
            [
              -91.2663916,
              14.7219345
            ],
            [
              -91.2666355,
              14.7217784
            ],
            [
              -91.2668608,
              14.7214843
            ],
            [
              -91.2670626,
              14.7210685
            ],
            [
              -91.2670642,
              14.7210506
            ],
            [
              -91.2670628,
              14.7210276
            ],
            [
              -91.2671271,
              14.7207253
            ],
            [
              -91.2671325,
              14.7203508
            ],
            [
              -91.2672968,
              14.7200392
            ],
            [
              -91.267105,
              14.7197087
            ],
            [
              -91.267096,
              14.7193839
            ],
            [
              -91.2673582,
              14.718662
            ],
            [
              -91.2679339,
              14.7176553
            ],
            [
              -91.2682655,
              14.7173384
            ],
            [
              -91.2698776,
              14.7162927
            ],
            [
              -91.2702459,
              14.7159523
            ],
            [
              -91.2711176,
              14.7158018
            ],
            [
              -91.2716961,
              14.7154663
            ],
            [
              -91.2719813,
              14.7153323
            ],
            [
              -91.2721212,
              14.7152877
            ],
            [
              -91.2722415,
              14.7152493
            ],
            [
              -91.2723568,
              14.7151403
            ],
            [
              -91.2724775,
              14.7148446
            ],
            [
              -91.2724977,
              14.7144444
            ],
            [
              -91.2729146,
              14.7143921
            ],
            [
              -91.2731159,
              14.7141208
            ],
            [
              -91.2731864,
              14.7137469
            ],
            [
              -91.2738615,
              14.7133191
            ],
            [
              -91.2741458,
              14.7132724
            ],
            [
              -91.2743604,
              14.7132154
            ],
            [
              -91.2745371,
              14.7131036
            ],
            [
              -91.2756749,
              14.7129005
            ],
            [
              -91.2763752,
              14.7130526
            ],
            [
              -91.2765652,
              14.7131557
            ],
            [
              -91.276643,
              14.7135604
            ],
            [
              -91.2768177,
              14.7136202
            ],
            [
              -91.2768763,
              14.713493
            ],
            [
              -91.2772009,
              14.7132828
            ],
            [
              -91.2773699,
              14.7132543
            ],
            [
              -91.2774181,
              14.7133918
            ],
            [
              -91.2774611,
              14.7134631
            ],
            [
              -91.2774597,
              14.7135461
            ],
            [
              -91.2775308,
              14.7135319
            ],
            [
              -91.277571,
              14.7134981
            ],
            [
              -91.277512,
              14.7133165
            ],
            [
              -91.2776856,
              14.713274
            ],
            [
              -91.2778258,
              14.7133425
            ],
            [
              -91.2778822,
              14.713467
            ],
            [
              -91.2781236,
              14.7134099
            ],
            [
              -91.2780646,
              14.7132802
            ],
            [
              -91.2783033,
              14.7132102
            ],
            [
              -91.2783167,
              14.713288
            ],
            [
              -91.2785447,
              14.7132387
            ],
            [
              -91.2785749,
              14.7130809
            ],
            [
              -91.279006,
              14.7128003
            ],
            [
              -91.2792125,
              14.7126758
            ],
            [
              -91.2793735,
              14.7126706
            ],
            [
              -91.2794415,
              14.7127985
            ],
            [
              -91.27987,
              14.7126306
            ],
            [
              -91.2801079,
              14.7124356
            ],
            [
              -91.2808111,
              14.7123515
            ],
            [
              -91.281133,
              14.7121984
            ],
            [
              -91.2812001,
              14.7120142
            ],
            [
              -91.2812135,
              14.71183
            ],
            [
              -91.2816024,
              14.7117107
            ],
            [
              -91.2819806,
              14.7117392
            ],
            [
              -91.2821034,
              14.7118533
            ],
            [
              -91.2825036,
              14.7118845
            ],
            [
              -91.2825948,
              14.7118235
            ],
            [
              -91.2826109,
              14.7117366
            ],
            [
              -91.2828121,
              14.7116666
            ],
            [
              -91.2830511,
              14.7115892
            ],
            [
              -91.2833335,
              14.7110971
            ],
            [
              -91.2835981,
              14.7102472
            ],
            [
              -91.2838461,
              14.7089144
            ],
            [
              -91.2838406,
              14.7086403
            ],
            [
              -91.2836397,
              14.7084913
            ],
            [
              -91.2834664,
              14.7083503
            ],
            [
              -91.2834389,
              14.7082811
            ],
            [
              -91.2835462,
              14.7080469
            ],
            [
              -91.2837388,
              14.7079112
            ],
            [
              -91.2839412,
              14.7079876
            ],
            [
              -91.2840598,
              14.7079918
            ],
            [
              -91.2842027,
              14.7078019
            ],
            [
              -91.2844644,
              14.7076252
            ],
            [
              -91.2848006,
              14.7072333
            ],
            [
              -91.2856155,
              14.7067511
            ],
            [
              -91.2857897,
              14.7067353
            ],
            [
              -91.2866682,
              14.7062649
            ],
            [
              -91.2872154,
              14.7046675
            ],
            [
              -91.2872796,
              14.7041776
            ],
            [
              -91.2873457,
              14.7030759
            ]
          ],
          [
            [
              -91.2319216,
              14.6560553
            ],
            [
              -91.2319048,
              14.6561278
            ],
            [
              -91.2318738,
              14.6561288
            ],
            [
              -91.2318566,
              14.656175
            ],
            [
              -91.2317539,
              14.6561782
            ],
            [
              -91.2316825,
              14.6561818
            ],
            [
              -91.23151,
              14.6562156
            ],
            [
              -91.2314224,
              14.6563666
            ],
            [
              -91.2314122,
              14.6564546
            ],
            [
              -91.2313323,
              14.6565195
            ],
            [
              -91.2310445,
              14.6568691
            ],
            [
              -91.230969,
              14.6569039
            ],
            [
              -91.2308976,
              14.6568958
            ],
            [
              -91.2308377,
              14.6568346
            ],
            [
              -91.2308138,
              14.6567746
            ],
            [
              -91.2307616,
              14.6567851
            ],
            [
              -91.2307025,
              14.6567135
            ],
            [
              -91.2307543,
              14.6566645
            ],
            [
              -91.2307556,
              14.6565921
            ],
            [
              -91.2307096,
              14.6564472
            ],
            [
              -91.2307106,
              14.6563373
            ],
            [
              -91.2306549,
              14.6561139
            ],
            [
              -91.230653,
              14.6560218
            ],
            [
              -91.2306855,
              14.6559629
            ],
            [
              -91.2306708,
              14.6558767
            ],
            [
              -91.2306796,
              14.6557984
            ],
            [
              -91.2306681,
              14.655724
            ],
            [
              -91.2306827,
              14.6556632
            ],
            [
              -91.2307256,
              14.6556454
            ],
            [
              -91.230698,
              14.6555994
            ],
            [
              -91.2307416,
              14.6553874
            ],
            [
              -91.2307206,
              14.6552732
            ],
            [
              -91.2307351,
              14.654947
            ],
            [
              -91.2307834,
              14.6546893
            ],
            [
              -91.2308398,
              14.6546074
            ],
            [
              -91.2308893,
              14.6545929
            ],
            [
              -91.2309387,
              14.6545314
            ],
            [
              -91.2310656,
              14.6545245
            ],
            [
              -91.2311486,
              14.6544645
            ],
            [
              -91.2311737,
              14.6545001
            ],
            [
              -91.2312155,
              14.6545134
            ],
            [
              -91.2312271,
              14.6545357
            ],
            [
              -91.2313218,
              14.6545874
            ],
            [
              -91.23141,
              14.6545695
            ],
            [
              -91.231469,
              14.6545839
            ],
            [
              -91.2315147,
              14.6546908
            ],
            [
              -91.2316169,
              14.6546922
            ],
            [
              -91.2316125,
              14.6547619
            ],
            [
              -91.2316647,
              14.6548043
            ],
            [
              -91.2316615,
              14.654868
            ],
            [
              -91.2316198,
              14.6549227
            ],
            [
              -91.2316273,
              14.6550577
            ],
            [
              -91.231647,
              14.655177
            ],
            [
              -91.2316857,
              14.6553495
            ],
            [
              -91.2317083,
              14.655395
            ],
            [
              -91.2317025,
              14.6554444
            ],
            [
              -91.2317475,
              14.6555048
            ],
            [
              -91.2317525,
              14.6555882
            ],
            [
              -91.2317637,
              14.6556381
            ],
            [
              -91.2317752,
              14.655749
            ],
            [
              -91.2317742,
              14.6558003
            ],
            [
              -91.2318199,
              14.655878
            ],
            [
              -91.2318789,
              14.6559518
            ],
            [
              -91.2318778,
              14.6560285
            ],
            [
              -91.2319216,
              14.6560553
            ]
          ]
        ]
      }
    }
  ]
}
